-0.003540039,0.027661031,0.16631506,0.34379506,2.7900434,0.16631511,0.1309773,3.726733,0.027660716,10.5921135
-0.003479004,0.019806486,0.14073509,0.38536513,2.8367338,0.14073499,0.11269656,4.566307,0.019806335,11.315024
-0.0066223145,0.018336022,0.1354103,0.51877767,3.1296253,0.13541032,0.10482447,5.1594214,0.018335955,11.632992
-0.008361816,0.023772428,0.15418287,0.6006952,3.0914052,0.1541827,0.12043303,4.4051585,0.023772305,11.942781
-0.009002686,0.020359986,0.14268824,0.5452502,3.0751388,0.14268835,0.11225866,4.80643,0.020359963,12.181674
-0.0069274902,0.017053861,0.1305903,0.5348982,3.4011843,0.13059008,0.10102283,5.128324,0.017053768,12.302659
-0.009185791,0.016795743,0.12959829,0.6273712,3.5520132,0.12959784,0.09785525,5.3434906,0.016795602,12.407757
-0.0077209473,0.013297148,0.11531317,0.57002103,3.4847195,0.11531244,0.09061099,6.001496,0.013296959,12.620403
0.0006713867,0.0012338671,0.035126235,-0.052853927,3.3946095,0.035126586,0.027083715,4.588073,0.0012338769,10.4952965
0.0030822754,0.001610838,0.040135127,-0.38837004,3.4373376,0.0401354,0.031057723,4.861778,0.0016108503,11.1924095
0.0014953613,0.0018527489,0.043043483,-0.12361828,3.4077919,0.043044124,0.033223253,4.723249,0.0018527965,11.593832
0.0011901855,0.001740425,0.041718338,-0.013208797,3.5117114,0.041718647,0.031843893,4.6897063,0.0017404454,11.853575
0.001373291,0.002111579,0.04595187,-0.0440924,3.517008,0.04595243,0.034981236,4.865951,0.002111626,12.071138
0.0018615723,0.0018245915,0.042715196,-0.1720162,3.4823668,0.042715605,0.032802578,5.366845,0.001824623,12.276436
0.0019226074,0.0016813321,0.041004017,-0.10005488,3.764487,0.041004777,0.031063722,5.2714834,0.0016813917,12.379067
0.0018310547,0.0019862487,0.044567317,-0.081459135,3.5465736,0.044567104,0.0341762,4.851494,0.0019862268,12.550245
0.0017089844,0.002238456,0.04731204,-0.21877734,3.298844,0.047312606,0.036155548,4.162959,0.0022384827,10.485839
0.003753662,0.0028717434,0.05358849,-0.2963516,3.18,0.05358858,0.041850265,4.6691594,0.002871736,11.230928
0.0028381348,0.0021595485,0.046470847,-0.25140905,3.4637399,0.046471544,0.0357379,5.650851,0.0021596043,11.589405
0.0022888184,0.0024615806,0.049614243,-0.21117477,3.4185998,0.04961475,0.03781324,5.3408337,0.0024616234,11.864264
0.001159668,0.0028622083,0.053499546,0.023348825,3.4038813,0.053499673,0.040973663,5.20114,0.0028622148,12.096229
0.0026550293,0.0027334138,0.052282006,-0.2266069,3.6311808,0.05228186,0.039485503,5.2481594,0.0027333929,12.233209
0.003112793,0.002635833,0.051340323,-0.24718036,3.6389167,0.051340014,0.038800474,5.065655,0.002635797,12.384531
0.0026245117,0.0028016744,0.052930806,-0.16282366,3.5620205,0.052929837,0.040148385,5.0190125,0.0028015675,12.532827
0.0021362305,0.0033404888,0.057796612,-0.08158107,3.09953,0.057797067,0.045399792,4.083649,0.0033405009,10.5569
0.00390625,0.0037371216,0.06113182,-0.27364084,3.005585,0.061132375,0.048760545,4.92815,0.0037371675,11.291161
0.0030212402,0.0034157163,0.058444012,-0.16283706,3.1731246,0.05844473,0.045535535,5.475906,0.0034157867,11.639169
0.002105713,0.00425781,0.0652518,-0.020671526,3.23427,0.06525178,0.050127342,4.8218794,0.0042577954,11.896067
0.0016784668,0.0049110437,0.07007875,0.05448367,2.998243,0.070077986,0.05473054,4.4340596,0.0049109245,12.17103
0.0025939941,0.0042140437,0.064915605,-0.081714295,3.4547937,0.06491493,0.04930193,5.100294,0.004213948,12.259513
0.0022888184,0.004010835,0.0633311,-0.049118645,3.445465,0.06333018,0.048125125,5.230331,0.0040107123,12.411838
0.0036010742,0.0041465987,0.06439404,-0.12802047,3.2652128,0.06439277,0.049472906,5.088572,0.0041464283,12.583096
0.0009460449,0.004204831,0.06484428,-0.048038144,3.3781643,0.06484489,0.049840804,4.982499,0.0042048595,10.499225
0.002380371,0.0048258374,0.06946804,-0.08719855,3.1114614,0.06946858,0.054354582,5.3093853,0.004825884,11.249829
0.0018920898,0.0035898136,0.05991493,-0.040900122,3.4261367,0.059915572,0.04673296,6.1228123,0.0035898758,11.631974
0.002166748,0.005065929,0.07117523,-0.024910219,3.2438107,0.07117481,0.055100866,5.4706683,0.0050658537,11.912285
0.0015563965,0.0050657396,0.07117392,0.027454004,3.2697177,0.07117343,0.05483565,5.6594367,0.005065657,12.122996
0.001373291,0.0048840754,0.06988609,-0.041792348,3.4691467,0.06988555,0.053701855,5.3654795,0.0048839906,12.282654
0.0008544922,0.0036108848,0.060090587,0.06399866,3.6464505,0.06008953,0.046280704,6.437741,0.0036107514,12.433498
0.0013122559,0.004234184,0.065070555,0.01893624,3.435688,0.06506978,0.05009925,6.123703,0.004234076,12.579983
0.0015869141,0.0073520304,0.085743465,0.039934393,3.0800304,0.08574383,0.0662335,4.163502,0.0073520043,10.53051
0.0046691895,0.007335829,0.0856492,-0.073910125,2.8106315,0.08564952,0.068551876,4.722145,0.0073358403,11.318025
0.0037231445,0.006887907,0.082993254,-0.037956934,2.852777,0.08299311,0.06644008,4.928814,0.0068878564,11.7214155
0.0016479492,0.008094073,0.08996693,0.04075868,2.9963126,0.08996664,0.070499904,4.787609,0.008093996,11.954747
0.0009765625,0.007926921,0.08903316,0.17765562,3.1048043,0.08903312,0.069791764,4.7480025,0.007926896,12.16737
0.0022277832,0.008172707,0.09040293,0.057373185,3.2942507,0.090402775,0.06920944,4.839453,0.008172662,12.287669
0.0026855469,0.0062723816,0.0791983,-0.08724039,3.273921,0.07919777,0.06095007,5.369241,0.0062722866,12.453398
0.002105713,0.006633914,0.08144878,-0.009307577,3.1576579,0.08144828,0.06355923,5.2013993,0.006633823,12.623724
0.0014038086,0.009790669,0.09894722,0.011880529,2.7101278,0.09894743,0.0793246,4.2074947,0.009790593,10.636765
0.0018005371,0.010195335,0.100971654,0.111837834,2.740349,0.10097143,0.081094936,4.475868,0.01019523,11.336712
0.0012207031,0.007150784,0.08456214,0.16471949,3.2669814,0.08456178,0.06627569,5.827306,0.007150695,11.647023
-0.00064086914,0.0102462545,0.10122363,0.20715512,3.0028625,0.101223536,0.080069475,5.3890796,0.010246204,11.972833
-0.0002746582,0.011541669,0.10743203,0.21483865,2.897951,0.10743184,0.08532031,4.9336333,0.011541599,12.212358
0.0031433105,0.0074667297,0.08641016,0.022925554,3.261992,0.08640992,0.06758458,5.6419253,0.007466674,12.337007
0.0008239746,0.007784797,0.08823142,0.19479047,3.3031034,0.08823121,0.068989374,5.7814155,0.0077847475,12.482139
0.0010986328,0.0079577435,0.08920612,0.14004387,3.1567762,0.08920565,0.07086542,6.067892,0.0079576485,12.661155
0.00091552734,0.016906044,0.13002247,0.040242106,2.6522715,0.13002269,0.10386263,3.2415748,0.0169059,10.629309
0.0008239746,0.013910693,0.11794325,0.049173124,2.8143773,0.11794348,0.09191887,4.706358,0.013910664,11.265272
0.0016784668,0.010443917,0.10219528,0.08886321,2.8457453,0.10219493,0.08112466,5.5116525,0.010443804,11.700443
0.00021362305,0.016530117,0.1285693,0.27093348,3.0086188,0.12856972,0.09945332,4.485906,0.016530175,11.930463
0.0022277832,0.013537584,0.116350986,0.20181637,2.968263,0.11635097,0.09172726,4.8190355,0.0135375485,12.190823
0.00076293945,0.011043514,0.105088025,0.21605691,3.3270454,0.10508809,0.079423755,5.2112274,0.011043508,12.263769
-0.001739502,0.010930343,0.104548186,0.28394014,3.350491,0.104548045,0.079386264,5.4091997,0.010930293,12.4264145
0.001373291,0.00968142,0.09839413,0.12587734,3.121958,0.09839381,0.077586904,5.752491,0.009681342,12.648605
0.0022277832,0.018628664,0.13648605,0.08178634,2.6910124,0.13648589,0.10761743,3.9652357,0.0186284,10.60682
0.0024414063,0.012612216,0.112303786,0.16081949,3.088476,0.112303205,0.087371394,5.6492596,0.01261201,11.238526
-0.0008544922,0.011744603,0.1083723,0.22139305,2.9977121,0.10837213,0.08483314,5.0958314,0.011744519,11.664172
-0.0018615723,0.016040178,0.12664963,0.31887096,3.090488,0.12664965,0.09681813,5.2047496,0.016040131,11.905366
-0.0015869141,0.01580671,0.1257246,0.33681276,3.062553,0.12572479,0.09769986,5.044481,0.015806725,12.158338
-0.000579834,0.010843866,0.10413378,0.24156569,3.3317122,0.10413361,0.0792389,6.1545897,0.010843809,12.279971
-0.002166748,0.010485994,0.102401055,0.34044102,3.4052641,0.102401085,0.07835566,6.2453084,0.0104859825,12.436493
-0.0025634766,0.010127471,0.10063526,0.37183636,3.4583013,0.10063498,0.0783323,6.395547,0.010127399,12.603696
-0.0010375977,0.024182336,0.15550578,0.2721651,2.7830715,0.15550543,0.12205939,3.8068123,0.024181938,10.5886545
-0.0010986328,0.015992338,0.12646043,0.31663275,3.0359294,0.12646039,0.099790245,4.652915,0.015992228,11.269696
-0.00491333,0.018743344,0.13690606,0.4266198,3.0440342,0.13690601,0.10589347,4.448594,0.018743258,11.634244
-0.0071411133,0.022759454,0.15086214,0.4717377,2.929273,0.15086202,0.11847894,4.4760265,0.022759352,11.965835
-0.007873535,0.01937432,0.1391915,0.56452763,3.2643151,0.13919115,0.107450895,4.9057055,0.019374175,12.130624
-0.0033874512,0.0154116135,0.1241434,0.4315736,3.4506545,0.12414296,0.0947996,5.2904234,0.015411474,12.271505
-0.0054626465,0.013980856,0.118240565,0.47181258,3.3526275,0.1182403,0.09067482,5.398377,0.013980769,12.447407
-0.0068359375,0.0137633,0.117317006,0.49373513,3.3424258,0.11731652,0.0910036,5.6640763,0.013763167,12.602689
-0.0054626465,0.027425354,0.16560502,0.46773413,3.03102,0.16560519,0.12975523,3.7095387,0.027425077,10.560474
-0.0068359375,0.019823087,0.14079407,0.62708294,3.4455507,0.14079428,0.11105002,5.0949955,0.01982303,11.23946
-0.0079956055,0.023001255,0.15166135,0.65292174,3.3760211,0.1516609,0.11832372,4.895742,0.023001032,11.627385
-0.0093688965,0.02485855,0.1576657,0.6228303,3.0643046,0.15766552,0.12351486,4.251136,0.024858417,11.949286
-0.009002686,0.021853726,0.14782988,0.52230376,3.013638,0.14782967,0.117095046,4.6124315,0.021853609,12.197391
-0.008300781,0.01688943,0.12995921,0.5387575,3.1851118,0.12995882,0.10179059,4.9839253,0.016889295,12.344069
-0.009857178,0.017282287,0.13146201,0.6698039,3.5290346,0.13146167,0.10098929,5.2612324,0.017282167,12.440244
-0.014251709,0.015029646,0.12259536,0.704326,3.4363983,0.12259485,0.09782109,5.775184,0.015029497,12.65225
0.001159668,0.001564077,0.039548177,0.083972454,3.414461,0.03954831,0.030743388,4.8282337,0.001564069,10.513384
0.0024108887,0.0018399582,0.042894606,-0.2532265,3.1692219,0.042894877,0.033945467,5.064104,0.0018399706,11.260069
0.0007019043,0.0021404328,0.04626472,0.059864424,3.3453615,0.046265148,0.036306717,4.90562,0.0021404638,11.63358
0.00091552734,0.0022241408,0.047160726,0.036602996,3.6178198,0.047161255,0.03610921,4.6253996,0.002224184,11.849931
0.0014648438,0.0021325627,0.046179622,-0.030487193,3.4260497,0.046180215,0.035585802,4.765954,0.0021326123,12.1014385
0.0014343262,0.0016848609,0.041047014,-0.14578426,3.399434,0.041047662,0.03162859,5.3581657,0.0016849105,12.292503
0.0016784668,0.0017733289,0.042110875,-0.019095378,3.5915904,0.042111166,0.032291483,4.8612266,0.0017733502,12.417313
0.0006713867,0.002235976,0.04728607,0.029737376,3.3997512,0.047285378,0.036601868,4.904975,0.0022359071,12.583193
0.0017089844,0.0025362973,0.050361365,-0.0944645,3.1647942,0.050362047,0.038980138,4.0617757,0.0025363357,10.522018
0.002960205,0.0031784356,0.05637745,-0.16321865,3.089347,0.056377776,0.04451453,4.859837,0.0031784535,11.2611
0.0021362305,0.0023877125,0.048864126,-0.10117904,3.396023,0.048864283,0.03794028,5.601477,0.002387718,11.613758
0.0018615723,0.0030916668,0.055602677,-0.11640006,3.38281,0.055603117,0.042517614,4.928642,0.0030917067,11.87122
0.0010070801,0.0028259696,0.053159785,-0.016779196,3.4632359,0.05315986,0.040576037,5.081684,0.0028259708,12.085903
0.0019226074,0.0027413156,0.052357525,-0.11238114,3.6486113,0.052357204,0.039193653,5.4119716,0.0027412768,12.216987
0.002532959,0.0026113223,0.051101055,-0.17938106,3.3928366,0.051100872,0.039034855,5.2171626,0.0026112993,12.425664
0.0015258789,0.0031245889,0.05589798,-0.019715728,3.320487,0.055896845,0.04309458,5.03159,0.003124457,12.586447
0.0026245117,0.0036029138,0.060023915,-0.007736978,3.055491,0.060024623,0.047602706,4.1893616,0.0036029553,10.581369
0.0029296875,0.004140698,0.06434806,-0.1803262,3.1345675,0.06434848,0.050650336,5.082589,0.0041407268,11.251355
0.0022888184,0.0036687464,0.060570057,-0.03080617,3.240084,0.060570706,0.046985857,5.277157,0.0036688105,11.624306
0.0015869141,0.004927521,0.070196204,0.025187414,3.1784413,0.07019581,0.054139007,4.9339695,0.0049274517,11.909663
0.0019836426,0.0048419475,0.06958402,0.028153926,3.0168166,0.06958333,0.05466803,4.630924,0.0048418394,12.181021
0.0016174316,0.0042943005,0.065530844,0.056210462,3.3002028,0.06552999,0.050217167,5.112033,0.0042941794,12.29251
0.002105713,0.0037703982,0.061403517,-0.060945425,3.2006214,0.061402682,0.047311287,5.076432,0.0037702895,12.460868
0.0024719238,0.0041604517,0.06450152,-0.07349485,3.073899,0.06450071,0.04994338,5.040786,0.0041603423,12.617125
0.0020751953,0.0048842984,0.06988733,-0.026044987,3.159412,0.069887556,0.054213773,4.4579315,0.0048842705,10.529801
0.0012817383,0.0051447055,0.07172639,0.03563693,3.0482726,0.071726575,0.056706656,4.842711,0.0051447013,11.272533
0.0013122559,0.0039061815,0.062499326,0.08124739,3.344573,0.062499985,0.049209144,6.06006,0.0039062484,11.654338
0.0015869141,0.0056319786,0.0750464,0.04094403,3.1531162,0.07504606,0.058589235,4.8928285,0.005631911,11.933881
0.0005187988,0.0052631497,0.07254748,0.06539989,3.1857798,0.07254691,0.056290884,5.567855,0.0052630533,12.143931
0.00048828125,0.005075985,0.07124588,0.05115775,3.2701423,0.07124516,0.055792294,5.589915,0.005075873,12.33833
0.0005493164,0.0034608527,0.05882896,0.04976397,3.4661648,0.05882769,0.046038587,6.5198026,0.0034606974,12.4805355
-0.000061035156,0.00422704,0.06501564,0.072600864,3.3439634,0.06501484,0.050186824,5.8894873,0.0042269295,12.593353
0.0011291504,0.007462523,0.08638538,0.12872206,3.081922,0.08638599,0.06814575,3.9679286,0.007462539,10.568613
0.004760742,0.0081591,0.09032747,-0.02371617,2.7884762,0.09032752,0.072795145,4.2799435,0.008159062,11.3330765
0.0022888184,0.007097618,0.084247194,0.09899975,2.863993,0.084247164,0.067506544,4.924272,0.0070975847,11.720974
0.0010986328,0.008967896,0.09469883,0.10227652,2.843597,0.09469874,0.07465834,4.5677075,0.008967851,11.98199
0.0010375977,0.0073988517,0.086016476,0.14864847,3.1029441,0.086015955,0.06748499,5.0944257,0.0073987446,12.170183
0.0011291504,0.007994043,0.08940932,0.16336997,3.221209,0.089409105,0.069213025,4.679227,0.007993989,12.314622
0.0032348633,0.005917095,0.07692259,-0.07231675,3.1816757,0.07692213,0.05994513,5.313847,0.005917015,12.486838
0.00091552734,0.0064803255,0.08050041,-0.0048448513,3.0133615,0.080499895,0.063470945,5.79721,0.006480233,12.657132
0.0038452148,0.011252979,0.10607942,-0.028782357,2.7897499,0.10607983,0.08496258,4.224942,0.011252931,10.625688
0.0011901855,0.011491591,0.107198514,0.18730402,2.875919,0.10719832,0.08645096,4.992492,0.011491479,11.3307
-0.0005493164,0.008267913,0.090927884,0.28463382,3.3124766,0.09092743,0.071701296,5.835859,0.0082677975,11.654446
-0.00064086914,0.010872598,0.10427159,0.19129677,2.9441104,0.10427165,0.083030544,4.5733204,0.010872577,11.989858
-0.00018310547,0.01147676,0.107129514,0.20198618,2.8731217,0.10712962,0.08555899,4.4966087,0.011476755,12.225394
0.001739502,0.008339063,0.09131838,0.117962144,3.1621451,0.09131824,0.07211545,5.492735,0.008339021,12.364996
0.00048828125,0.007274744,0.08529204,0.19781366,3.1622722,0.085291654,0.067511894,5.504078,0.007274666,12.517879
0.000579834,0.007836587,0.08852443,0.116396554,3.0051558,0.08852413,0.07119587,5.798483,0.007836522,12.7000885
0.002105713,0.017740581,0.13319297,0.052686807,2.7736008,0.13319324,0.106524974,3.9716108,0.01774044,10.618157
0.0010375977,0.014778085,0.12156478,0.14468399,2.9992025,0.121564515,0.09482356,4.1060133,0.01477793,11.246999
-0.000091552734,0.0125007685,0.11180661,0.19960047,2.9227262,0.11180653,0.088895924,4.606575,0.0125007,11.699909
-0.0004272461,0.01726381,0.13139163,0.31075084,2.9728777,0.13139173,0.10233757,4.2980466,0.017263789,11.945145
0.0014343262,0.013946353,0.11809454,0.23625332,2.9531689,0.11809437,0.09369433,4.5013638,0.01394628,12.205073
0.0005187988,0.011528847,0.107372366,0.2906209,3.2841167,0.10737193,0.082312174,5.1398897,0.011528731,12.295524
-0.0021972656,0.010865994,0.104239985,0.30313647,3.1277947,0.10423962,0.08019701,5.6547313,0.010865899,12.470168
-0.0004272461,0.010872198,0.10426975,0.19208619,3.0212536,0.1042696,0.08288964,5.556521,0.01087215,12.673346
0.0029296875,0.018790796,0.1370787,0.12051276,2.8303087,0.13707796,0.108838834,4.191443,0.018790368,10.602124
-0.0018615723,0.014354151,0.11980845,0.38296276,3.440933,0.1198083,0.09234392,4.969079,0.01435403,11.192255
-0.00088500977,0.01471571,0.12130808,0.29209876,3.0699608,0.12130803,0.09539882,4.971042,0.014715637,11.66555
-0.0052490234,0.016375633,0.12796712,0.3621045,2.9899025,0.12796707,0.09942664,5.019764,0.016375573,11.943335
-0.0016784668,0.01629738,0.12766103,0.3065768,3.0067377,0.127661,0.100318305,4.904384,0.016297333,12.181706
-0.0030517578,0.012137342,0.1101695,0.39252684,3.3719618,0.11016945,0.085240155,5.6686473,0.012137308,12.3074045
-0.0030822754,0.0113315135,0.10644949,0.35635898,3.2422545,0.106449336,0.08347163,6.0278683,0.01133146,12.499317
-0.0053710938,0.011069354,0.105210915,0.46197835,3.405689,0.10521047,0.08283715,6.1490283,0.011069243,12.63052
-0.00491333,0.024215134,0.15561119,0.39432672,2.9108133,0.15561101,0.12338044,3.8014839,0.024214784,10.595751
-0.0068969727,0.017154299,0.13097402,0.56344795,3.4758797,0.13097452,0.10279549,5.030322,0.017154325,11.227002
-0.0073547363,0.022786835,0.15095279,0.55798423,3.2355483,0.15095274,0.11770124,4.5444994,0.022786729,11.634475
-0.009216309,0.024151815,0.15540831,0.51576877,2.8582942,0.15540837,0.122911185,4.236295,0.02415176,11.985766
-0.007080078,0.019899312,0.14106476,0.5322391,3.1481318,0.14106488,0.109016486,4.869966,0.0198993,12.140828
-0.006500244,0.014609985,0.12087165,0.48283872,3.2398784,0.12087153,0.09445125,5.5601025,0.014609927,12.335635
-0.009735107,0.014371681,0.11988184,0.617981,3.3853488,0.11988199,0.094019406,5.795138,0.014371691,12.489431
-0.010253906,0.015103834,0.12289756,0.6219624,3.3586185,0.12289703,0.0964239,5.3214607,0.015103679,12.6222315
-0.011230469,0.029500851,0.17175709,0.60294586,3.1889362,0.17175712,0.1340715,3.879081,0.029500509,10.541263
-0.0066223145,0.022282995,0.14927445,0.55131954,3.1258163,0.14927462,0.118318334,4.4952083,0.022282913,11.272826
-0.012054443,0.021775227,0.14756402,0.6620322,3.1963792,0.14756383,0.11675601,4.7189755,0.021775085,11.669288
-0.011016846,0.024946623,0.15794477,0.6584116,3.0868402,0.15794443,0.124212414,4.3914404,0.02494644,11.955229
-0.007385254,0.02076596,0.14410383,0.45513257,2.875312,0.14410366,0.11448284,4.7499056,0.020765865,12.215221
-0.0095825195,0.017909149,0.13382493,0.6068863,3.3246443,0.13382453,0.10469222,5.076209,0.017909005,12.331234
-0.010955811,0.017731484,0.1331595,0.7109465,3.5526423,0.13315897,0.10206262,5.1286244,0.017731309,12.434489
-0.012145996,0.015288938,0.12364835,0.59529847,3.1744618,0.12364793,0.09979791,5.590006,0.015288809,12.698285
0.0024719238,0.0019298475,0.043929767,-0.11122814,3.0968523,0.043930274,0.034576744,3.8923042,0.0019298688,10.560007
0.0026245117,0.0021366726,0.046224017,-0.23473635,3.0581691,0.04622437,0.036775008,4.7303715,0.0021366924,11.279793
0.0005187988,0.0024851817,0.049851496,0.05533087,3.329259,0.049851898,0.039320197,4.6561255,0.0024852117,11.644846
0.00045776367,0.0018953673,0.04353575,0.072191395,3.4692125,0.043536335,0.03361019,4.812846,0.0018954126,11.879272
0.0011291504,0.0021619303,0.046496507,0.013711147,3.5339155,0.046497017,0.03556972,4.694758,0.0021619725,12.079184
0.001953125,0.0016997957,0.041228537,-0.22916885,3.357882,0.041229293,0.03179998,5.0036955,0.0016998546,12.295707
0.0022583008,0.0017502473,0.041835923,-0.043230563,3.5577168,0.041836336,0.03211368,4.8100033,0.0017502791,12.420148
0.0012817383,0.0021306057,0.04615845,-0.0081472285,3.2212455,0.04615788,0.036171257,4.583797,0.00213055,12.622232
0.003112793,0.0032191395,0.05673712,-0.1960192,3.2513514,0.056737725,0.04358016,3.9942303,0.0032191693,10.496808
0.0030517578,0.0033874768,0.05820186,-0.15796128,3.004939,0.05820252,0.046112843,4.581109,0.0033875334,11.275527
0.0020141602,0.002849287,0.053378604,-0.07142323,3.2853398,0.053379256,0.041579217,5.0396442,0.0028493449,11.627374
0.0015258789,0.0027627689,0.05256197,-0.12702177,3.2738962,0.052562572,0.040364433,5.1411705,0.0027628238,11.889994
0.0008544922,0.0028947368,0.053802695,0.085008964,3.512113,0.053802803,0.041232668,5.1378036,0.0028947415,12.090414
0.0017089844,0.0025631825,0.05062783,-0.14152771,3.5259192,0.050627887,0.038057704,5.023585,0.002563183,12.233581
0.0020751953,0.002748409,0.052425224,-0.058759637,3.6135104,0.052424632,0.039943367,4.9853005,0.0027483422,12.400728
0.0022277832,0.0031054853,0.05572684,-0.05300193,3.3799303,0.055725608,0.04290727,4.606201,0.0031053433,12.5741415
0.0026245117,0.004266457,0.06531773,-0.04685118,3.1260278,0.065318406,0.051241018,4.2544374,0.004266494,10.550029
0.0026550293,0.004366302,0.0660778,-0.18845373,3.135003,0.06607813,0.051638633,4.7163186,0.0043663187,11.237248
0.003112793,0.003935043,0.0627298,-0.12566839,3.234472,0.06273046,0.048676375,5.2910366,0.003935111,11.62319
0.0013122559,0.004507726,0.0671395,0.031167593,3.0884774,0.06713929,0.051721826,4.716775,0.0045076846,11.916835
0.0020141602,0.0049528186,0.07037618,0.027072696,3.0837674,0.0703757,0.055350013,4.9825006,0.0049527395,12.1775
0.0010986328,0.0037760509,0.06144952,0.08663569,3.2916453,0.061448775,0.046844956,5.0696445,0.003775952,12.286379
0.0019226074,0.0037749475,0.06144055,0.036662526,3.2941513,0.061440002,0.047600824,5.1478543,0.003774874,12.464459
0.0019226074,0.0042213234,0.06497166,0.031035248,3.0369563,0.0649709,0.05070168,5.0573835,0.0042212186,12.634231
0.001739502,0.0056237043,0.07499091,0.050686367,3.2731545,0.074991375,0.057967857,4.5911856,0.005623706,10.513838
0.00064086914,0.0057162833,0.075605884,0.05844478,2.956286,0.07560623,0.06003959,4.987356,0.005716301,11.290726
0.002380371,0.004161226,0.06450744,-0.027626622,3.49537,0.064508036,0.049882796,6.1954794,0.004161287,11.600157
0.0009765625,0.005196969,0.072089896,0.06638766,2.9708135,0.072089285,0.057096243,5.4067745,0.0051968647,11.981181
0.00048828125,0.00529213,0.07274694,0.09874106,3.31246,0.07274602,0.056374464,5.5941463,0.005291984,12.130236
0.000061035156,0.004673159,0.06836044,0.13976105,3.083572,0.068359375,0.0540344,5.18125,0.0046730037,12.371766
0.000061035156,0.0038230992,0.06183116,0.122942865,3.5114865,0.061830424,0.048332337,6.0881734,0.0038230012,12.47118
0.0005493164,0.0045980276,0.0678087,0.08410384,3.3189845,0.06780795,0.052927952,5.6995473,0.0045979186,12.612792
0.003326416,0.008232691,0.09073363,0.014203723,3.1531274,0.09073385,0.07100332,4.5362406,0.008232632,10.543792
0.003967285,0.008875791,0.09421113,0.026877584,2.7406983,0.09421091,0.07620528,4.5077863,0.008875695,11.345574
0.0039978027,0.008426571,0.091796175,-0.004971276,3.0217328,0.09179545,0.07298651,4.61942,0.008426405,11.6872425
0.0011291504,0.008270843,0.09094404,0.08719882,2.8062682,0.09094352,0.07228609,4.5579967,0.008270725,12.0002
0.0013122559,0.007590247,0.08712192,0.12993729,3.090469,0.08712154,0.0686765,5.0273247,0.0075901626,12.180761
0.00048828125,0.007634322,0.08737452,0.2062558,3.0936897,0.087374076,0.06801339,4.8615584,0.007634229,12.337552
0.003692627,0.0064792032,0.08049343,-0.054903653,3.2656264,0.080492996,0.062650815,5.6452956,0.006479122,12.473788
-0.00030517578,0.0071954834,0.084826134,0.10409848,2.9784918,0.08482567,0.06745283,5.15296,0.0071953945,12.676878
0.0059814453,0.0117744235,0.10850936,-0.12635693,2.816266,0.108509466,0.08655556,3.798193,0.011774304,10.612351
0.00036621094,0.012382661,0.11127707,0.20048112,2.7735462,0.11127668,0.09018808,4.477672,0.012382499,11.3503895
0.00064086914,0.008715615,0.09335727,0.2535333,3.2899563,0.09335696,0.0738303,5.4378366,0.0087155225,11.660841
-0.00064086914,0.0096099945,0.09803043,0.15256357,2.747157,0.098030366,0.07900117,4.8644896,0.009609953,12.033209
-0.0009460449,0.012227231,0.110576674,0.2690306,3.0338666,0.110576145,0.08764991,4.54385,0.0122270845,12.196818
0.001953125,0.00882387,0.09393536,0.11107323,3.1254244,0.09393527,0.074369326,5.1178155,0.008823835,12.370948
-0.00015258789,0.007538662,0.08682539,0.22025207,3.3315523,0.08682518,0.06844889,5.378042,0.007538611,12.496331
0.00018310547,0.008696444,0.093254656,0.16389021,3.2205143,0.09325416,0.07414344,5.485065,0.008696338,12.65618
0.0025634766,0.018674748,0.13665476,0.10669551,2.832746,0.13665473,0.10895261,3.8462205,0.018674517,10.606574
-0.0007019043,0.015188545,0.12324145,0.17529386,2.9309256,0.12324121,0.09661539,4.273013,0.015188395,11.262974
0.0002746582,0.013392773,0.11572692,0.19231805,3.0172992,0.11572678,0.091047056,4.591081,0.013392687,11.667874
0.000579834,0.015168113,0.12315871,0.23853542,2.8664927,0.12315865,0.09594579,4.1673455,0.015168053,11.955453
-0.0006713867,0.014367973,0.11986634,0.3480965,3.168562,0.11986604,0.09445864,5.122499,0.014367869,12.173338
-0.00015258789,0.012190835,0.110412,0.3159537,3.2721274,0.110411696,0.08443278,5.0470285,0.012190742,12.290333
-0.002105713,0.0113087995,0.10634275,0.35165268,3.440976,0.10634271,0.081067614,5.158355,0.011308772,12.423056
0.00061035156,0.010451102,0.10223055,0.17001902,2.9822226,0.10222995,0.08158592,5.4258804,0.010450963,12.684672
0.0005187988,0.020726714,0.14396688,0.25612575,2.9241152,0.14396666,0.1135424,4.0279813,0.020726398,10.580645
-0.0025634766,0.01494659,0.12225588,0.39500514,3.3622806,0.12225606,0.0946559,5.1506624,0.0149465455,11.209519
-0.0021362305,0.014926094,0.12217215,0.37104392,3.2145967,0.12217202,0.095530644,5.038302,0.014926002,11.6409
-0.002532959,0.016886057,0.12994617,0.27704412,2.9098234,0.12994643,0.10031748,4.737811,0.016886072,11.938377
-0.0034179688,0.016933683,0.13012932,0.4110448,3.1616275,0.1301288,0.10215306,5.079665,0.016933506,12.168206
-0.0038146973,0.012790002,0.11309278,0.4261303,3.3666244,0.11309262,0.08743837,5.5655713,0.012789941,12.304965
-0.0022277832,0.011480349,0.1071463,0.3925899,3.3993397,0.10714612,0.08303643,5.9148993,0.011480291,12.461637
-0.0038452148,0.010161234,0.100802876,0.35209352,3.2128053,0.10080252,0.08042368,6.171784,0.010161148,12.67368
-0.0060424805,0.02567498,0.16023318,0.4432983,3.047157,0.16023332,0.12571296,4.2670016,0.025674718,10.56926
-0.0072021484,0.016895669,0.12998295,0.56612957,3.4164255,0.12998295,0.102117635,5.207686,0.016895568,11.236694
-0.010986328,0.02234966,0.14949773,0.67828315,3.3407736,0.14949791,0.11587211,4.537078,0.022349626,11.617155
-0.0063476563,0.022704322,0.1506793,0.4526907,2.8289852,0.15067863,0.1187942,4.123799,0.02270405,11.981745
-0.005126953,0.01901408,0.13789138,0.41536736,2.9518282,0.13789101,0.10671807,4.637912,0.019013932,12.160148
-0.0053100586,0.014123899,0.11884389,0.45455423,3.296904,0.11884354,0.09185363,5.487043,0.014123787,12.310261
-0.008453369,0.014249598,0.11937157,0.6210793,3.5097508,0.11937124,0.09274948,5.938556,0.014249494,12.462595
-0.008300781,0.013970481,0.118196696,0.5504503,3.3199015,0.1181961,0.092889585,5.518132,0.013970317,12.629455
-0.007537842,0.027100695,0.1646219,0.5057882,3.0796719,0.16462211,0.128452,4.1119046,0.02710044,10.55066
-0.0079956055,0.021297118,0.14593488,0.5716562,3.2193966,0.14593503,0.115881704,4.8122134,0.021297032,11.269855
-0.014587402,0.022207072,0.14902008,0.6376677,3.0784423,0.14901993,0.118846506,4.771983,0.02220694,11.694168
-0.0146484375,0.02683972,0.16382807,0.7200426,3.277733,0.16382782,0.12873635,4.4826026,0.026839556,11.938372
-0.009552002,0.020488683,0.14313851,0.52839273,2.9775157,0.14313866,0.11323188,4.6424932,0.020488676,12.200238
-0.008972168,0.016428767,0.12817462,0.5970044,3.2893667,0.12817425,0.10062453,5.2995067,0.016428638,12.343758
-0.012176514,0.017200429,0.1311503,0.76174355,3.6170228,0.13115005,0.10118801,5.622306,0.017200336,12.441969
-0.013702393,0.016167171,0.1271501,0.6847905,3.4062488,0.12714955,0.10174376,5.5711875,0.01616701,12.662311
0.0033569336,0.0020826997,0.04563633,-0.24012086,3.0826988,0.045636825,0.03585693,3.822987,0.00208272,10.556701
0.0032348633,0.0025409781,0.050407965,-0.2508398,2.8745053,0.050408497,0.04046183,4.5998707,0.0025410168,11.314204
0.0015563965,0.0026952173,0.051915377,-0.007241774,3.180611,0.051916096,0.04101694,4.6232433,0.002695281,11.656645
0.00076293945,0.002345018,0.048425313,0.01269481,3.4513037,0.04842596,0.037308212,4.718236,0.0023450737,11.878596
0.0015563965,0.0021474385,0.046340406,-0.08991968,3.30626,0.04634102,0.03569133,5.01415,0.0021474902,12.112817
0.0023498535,0.0018817295,0.04337886,-0.23889673,3.2673028,0.043379374,0.033693556,5.038498,0.0018817702,12.319774
0.002166748,0.002144464,0.04630832,-0.050166056,3.3504689,0.04630807,0.035724115,4.688212,0.0021444375,12.452104
0.0015869141,0.0024787362,0.04978687,-0.062236037,3.1121979,0.04978602,0.03878601,4.5954723,0.0024786477,12.626594
0.0039367676,0.003546365,0.059551008,-0.30207604,3.12868,0.059551537,0.04576969,3.6604774,0.0035463856,10.508034
0.0025939941,0.0037449591,0.061195888,-0.15630914,3.0344076,0.061196364,0.047912315,4.632764,0.0037449952,11.251036
0.0015869141,0.002951295,0.054325715,-0.06425989,3.21152,0.054326367,0.042028293,4.9933534,0.0029513543,11.62076
0.0011291504,0.003456097,0.058788493,-0.11417933,3.2812061,0.058788642,0.04480091,4.537512,0.0034561043,11.87359
0.0007324219,0.0027738085,0.052666895,-0.020131256,3.279083,0.052666996,0.040411256,5.5661397,0.0027738125,12.114153
0.0012817383,0.0025020444,0.05002039,-0.19263653,3.5755265,0.050020304,0.037176307,5.301802,0.0025020307,12.2140045
0.00064086914,0.0030412665,0.055147633,-0.032095548,3.3123765,0.055147037,0.042210944,4.834377,0.0030411957,12.436796
0.0018310547,0.0030131114,0.054891776,-0.10691161,3.186332,0.054890923,0.042075723,4.833583,0.0030130136,12.589505
0.0031433105,0.004254831,0.06522867,-0.13442968,3.1185641,0.06522892,0.05026945,3.7952278,0.0042548114,10.517398
0.0029907227,0.0050601843,0.07113476,-0.18552978,3.166174,0.071135394,0.055101026,4.6748886,0.005060244,11.217394
0.0011901855,0.0039866236,0.06313959,-0.02402311,3.190461,0.06314028,0.048497744,5.0831795,0.0039866953,11.612729
0.00079345703,0.0053706816,0.07328483,0.059146084,3.127388,0.0732845,0.056449458,4.6389866,0.0053706183,11.912081
0.00061035156,0.0052394294,0.07238381,0.08185838,3.0210195,0.07238315,0.056385834,4.6406794,0.005239321,12.165805
0.0010070801,0.0039976425,0.06322685,0.047860865,3.4117799,0.063226014,0.048007805,5.3446536,0.0039975285,12.268947
0.0020446777,0.004075362,0.063838504,0.03486023,3.1807299,0.06383763,0.049679693,5.172979,0.0040752436,12.484059
0.0014953613,0.004815757,0.0693956,0.005843508,3.081166,0.06939486,0.053364564,4.880096,0.0048156464,12.606445
0.002105713,0.005536741,0.07440884,-0.053350657,2.9948869,0.07440901,0.058589865,4.7374444,0.0055367,10.573079
0.0013427734,0.0065423143,0.08088433,0.032773938,3.0019975,0.08088455,0.06424957,5.1354027,0.006542311,11.285925
0.0007019043,0.004113429,0.064135894,0.09292401,3.1937938,0.06413608,0.050720744,6.2756615,0.0041134367,11.676014
0.0005187988,0.0060652834,0.07787982,0.053796176,2.9761949,0.07787894,0.061593864,4.925278,0.0060651284,11.975268
0.00021362305,0.0061666183,0.078527726,0.105127625,3.2118921,0.07852726,0.060781717,4.967781,0.00616653,12.135221
0.00064086914,0.00475617,0.06896492,0.06582599,3.032594,0.06896419,0.05472158,5.5402675,0.00475606,12.385688
0.00076293945,0.00401062,0.0633294,0.08618511,3.3736267,0.063328676,0.049670678,5.850168,0.004010521,12.489775
-0.00012207031,0.005344547,0.073106356,0.11834681,3.2484174,0.07310568,0.05685242,5.459342,0.00534444,12.613521
0.0014343262,0.008373233,0.09150482,0.0767495,2.9733045,0.091505356,0.072740406,4.4756494,0.008373231,10.5924015
0.003540039,0.009957551,0.09978723,0.022222193,2.7248828,0.09978712,0.080920905,4.6559076,0.00995747,11.35232
0.0032348633,0.007976704,0.08931222,-0.004655932,2.6994855,0.089311995,0.071994804,4.719851,0.007976633,11.748449
0.0017089844,0.0095094945,0.09751649,0.0795757,2.9910464,0.09751662,0.076142535,4.277992,0.009509491,11.947992
0.0010070801,0.007859149,0.08865174,0.15096106,3.1594071,0.08865142,0.06939716,4.795641,0.007859074,12.160008
0.00088500977,0.008514909,0.09227617,0.15422566,3.050889,0.09227608,0.07251192,5.123189,0.008514875,12.360868
0.0032043457,0.0069733304,0.0835064,-0.052921757,3.1841495,0.08350607,0.06516977,5.4635286,0.0069732643,12.487906
0.00033569336,0.008233926,0.09074092,0.062806115,3.024508,0.090740405,0.07108163,4.890055,0.008233821,12.642799
0.0016784668,0.011939205,0.10926601,0.05568946,2.8016996,0.10926649,0.08708204,3.82662,0.011939165,10.614166
0.00091552734,0.013144305,0.11464827,0.20495258,2.8558352,0.11464812,0.09272982,4.268006,0.01314419,11.339559
-0.000030517578,0.008000973,0.08944798,0.2270791,3.164672,0.089447826,0.070616014,5.571086,0.008000914,11.671424
-0.0002746582,0.012180991,0.11036736,0.1993177,2.991716,0.110367455,0.08735931,4.7924514,0.012180975,11.973361
-0.0009765625,0.012494895,0.111780435,0.26224983,2.979385,0.11177985,0.08831753,4.680023,0.012494736,12.196972
0.0005493164,0.008806269,0.09384163,0.15038301,3.1282392,0.09384146,0.07404416,5.6861844,0.00880622,12.367619
0,0.0080548525,0.089748755,0.17158763,3.2842844,0.0897486,0.07089536,5.660887,0.008054811,12.505148
-0.00012207031,0.009458339,0.09725392,0.16700852,3.135707,0.09725369,0.077064715,5.483228,0.00945828,12.656755
0.004470825,0.017267464,0.13140494,0.053222913,2.835417,0.13140492,0.104408614,3.9534345,0.017267253,10.603599
-0.00030517578,0.016406296,0.12808667,0.2530999,3.0428197,0.12808661,0.10027026,4.157591,0.016406178,11.251229
-0.000061035156,0.012331424,0.111046724,0.15039198,2.7590644,0.11104683,0.088243574,5.1228676,0.012331397,11.714319
-0.0017089844,0.01786077,0.13364398,0.35572246,3.0344162,0.13364427,0.10445315,4.359417,0.017860789,11.947607
0.00064086914,0.014449635,0.12020649,0.2515977,2.979795,0.12020624,0.095285095,4.825183,0.014449539,12.20327
-0.0018920898,0.012020788,0.10963924,0.31998345,3.1942375,0.1096391,0.084941246,5.254611,0.012020732,12.324412
-0.0006713867,0.011884202,0.10901459,0.33648923,3.2271132,0.10901427,0.08387767,5.1514764,0.011884112,12.459196
-0.00024414063,0.011901933,0.1090959,0.2466689,3.1665993,0.109095514,0.085816294,5.0751896,0.011901831,12.639732
-0.00036621094,0.021840964,0.14778599,0.22214343,2.7484336,0.14778586,0.11901691,3.636441,0.02184066,10.638412
-0.0024108887,0.01568982,0.12525864,0.37189782,3.3674488,0.1252585,0.09726029,4.7521353,0.015689693,11.209512
-0.0018005371,0.014181505,0.119085886,0.24668016,2.8646889,0.11908605,0.09475625,5.1027474,0.014181486,11.704977
-0.0040893555,0.018328423,0.1353823,0.36858162,2.9824219,0.13538204,0.106763,4.828007,0.018328296,11.967376
-0.0039367676,0.016317975,0.12774168,0.32742745,2.886685,0.12774158,0.10244179,4.8525553,0.01631791,12.232799
-0.0040283203,0.012664933,0.11253847,0.38067588,3.1216726,0.11253811,0.08923206,5.6493993,0.012664826,12.3757715
-0.0032958984,0.011280192,0.10620815,0.34612587,3.0403075,0.106207795,0.08473387,5.8286595,0.011280096,12.54867
-0.004425049,0.011873197,0.108964115,0.45203802,3.3364196,0.10896338,0.08642697,6.043111,0.011873018,12.647553
-0.005432129,0.024330506,0.15598147,0.42863378,3.0230196,0.155981,0.12341641,4.2862854,0.024330074,10.5846815
-0.005279541,0.01745657,0.13212292,0.42591757,3.118536,0.13212322,0.104967244,4.8754873,0.017456543,11.279281
-0.0066223145,0.021023555,0.14499472,0.46620515,2.9451594,0.1449951,0.11423352,4.3717384,0.021023577,11.678855
-0.013427734,0.025042767,0.15824883,0.672356,3.243195,0.15824872,0.124436535,4.398231,0.025042657,11.941521
-0.006713867,0.018786637,0.13706419,0.49921334,3.1215916,0.13706394,0.10537317,4.9557915,0.018786523,12.135076
-0.008117676,0.013433793,0.11590413,0.47859335,3.1983783,0.11590357,0.09195482,5.7844696,0.013433637,12.371981
-0.010345459,0.015219543,0.12336741,0.6510184,3.4129,0.123366594,0.096849136,5.3613176,0.015219317,12.486471
-0.010437012,0.016367147,0.12793405,0.6472055,3.4251232,0.12793338,0.10024598,5.3106766,0.016366951,12.61486
-0.0051879883,0.024685102,0.15711398,0.39662814,2.9168763,0.15711378,0.123912856,3.8597176,0.02468474,10.585084
-0.007171631,0.022026181,0.14841175,0.61745834,3.4048655,0.1484121,0.11646889,4.8406725,0.02202615,11.232275
-0.011566162,0.023616564,0.15367651,0.62274396,3.187777,0.15367642,0.1218149,4.587871,0.02361644,11.674095
-0.013549805,0.02582766,0.16070962,0.66580236,3.121543,0.1607092,0.12669706,4.4188137,0.025827449,11.956736
-0.011627197,0.021912003,0.14802685,0.6828753,3.3829916,0.14802667,0.11615941,4.8705935,0.021911895,12.150631
-0.009643555,0.017274493,0.13143234,0.6217134,3.3231971,0.13143192,0.1023746,5.3787518,0.01727435,12.328131
-0.011779785,0.017243555,0.1313146,0.7234219,3.6148217,0.13131434,0.101546325,5.354983,0.017243454,12.4473915
-0.014343262,0.015720539,0.12538147,0.6998069,3.4113479,0.12538068,0.099930204,5.697736,0.015720313,12.652385
0.0030212402,0.0016883938,0.04108982,-0.22782019,3.0870664,0.041090243,0.032333143,3.9489172,0.001688408,10.559333
0.0026245117,0.002245474,0.04738629,-0.21902536,2.9371488,0.04738695,0.037962873,4.6072335,0.002245523,11.3051605
0.0015869141,0.0027883989,0.052805185,-0.019716287,3.2626233,0.05280603,0.041429453,4.604854,0.0027884769,11.6417675
0.00064086914,0.0023543444,0.048521515,0.044000234,3.283459,0.048521645,0.037603274,4.667421,0.0023543502,11.906021
0.0017089844,0.0023405196,0.04837886,-0.113091245,3.3913362,0.048379503,0.03702649,4.6003923,0.0023405764,12.0943365
0.0025024414,0.002360925,0.048589304,-0.22668535,3.3257334,0.04858947,0.037396807,4.6489725,0.0023609367,12.296378
0.002319336,0.0024158894,0.04915166,-0.10688842,3.4333558,0.049151164,0.037684135,4.697671,0.0024158368,12.433523
0.0018005371,0.0026572903,0.051548872,-0.105484076,3.2425234,0.051548105,0.03980569,4.5591564,0.002657207,12.5981245
0.0040893555,0.0032404307,0.056924436,-0.3230156,3.121356,0.056924917,0.04392655,3.784882,0.0032404463,10.51693
0.0021362305,0.003465285,0.058866493,-0.15797806,3.1581156,0.058866996,0.045479316,4.4957013,0.0034653232,11.214171
0.0011291504,0.003189427,0.056474898,-0.022251556,3.3454113,0.05647568,0.04326542,5.288569,0.0031895025,11.590346
0.000579834,0.0036793794,0.060657796,-0.02251933,3.2156,0.060658,0.046319436,4.5928807,0.003679393,11.8818865
0.000579834,0.002845929,0.053347185,-0.041130237,3.3657784,0.053347457,0.04076841,5.1776524,0.0028459514,12.098946
0.0014343262,0.003123399,0.055887323,-0.14757714,3.5626006,0.05588709,0.04161775,5.3835835,0.0031233665,12.215397
0.0010681152,0.003454931,0.058778614,-0.07069323,3.3297818,0.05877781,0.04475229,5.1681404,0.0034548307,12.425795
0.0014953613,0.0035332332,0.059440963,-0.10060431,3.285203,0.05944016,0.04500005,4.6690125,0.0035331326,12.5577755
0.0038452148,0.0039881924,0.063151754,-0.20501237,3.072985,0.06315192,0.049037106,3.8132524,0.003988165,10.535659
0.0028381348,0.004691169,0.068491906,-0.19884707,3.2366867,0.06849255,0.052407905,4.8004694,0.004691229,11.188019
0.001373291,0.0049011507,0.07000808,-0.003272604,3.2898026,0.07000809,0.053250954,4.953738,0.004901133,11.582667
0.00021362305,0.005401185,0.07349264,0.10117478,3.058534,0.07349227,0.05705102,4.4875937,0.005401114,11.932613
0.00024414063,0.0053475243,0.07312668,0.11014937,3.0215726,0.073126085,0.057369076,4.5780907,0.005347424,12.180561
0.0013122559,0.00437843,0.06616964,0.038807753,3.3881917,0.06616901,0.050387297,5.2070217,0.0043783374,12.273596
0.0010681152,0.004013194,0.06334972,-0.03325036,3.227976,0.06334907,0.048486084,5.0799146,0.0040131044,12.448857
0.00091552734,0.0051583657,0.07182171,0.006204703,3.0494509,0.071820945,0.055484507,4.77686,0.0051582484,12.618618
0.003616333,0.0047293664,0.06876998,-0.16012605,2.9506195,0.06877019,0.05467567,3.9783237,0.004729339,10.595926
0.0021972656,0.0058647366,0.07658134,-0.015563503,2.860562,0.0765817,0.06135865,4.86246,0.005864757,11.316457
0.0012969971,0.004785792,0.06917928,0.017890401,3.3228564,0.069179475,0.05405838,6.0219517,0.0047857994,11.632873
0.0007324219,0.006160849,0.07849096,0.024151385,2.9864397,0.07849033,0.062511116,4.861252,0.0061607324,11.986385
0.0006713867,0.0060132276,0.07754491,0.08356598,3.1499631,0.07754406,0.06048229,5.2617826,0.006013082,12.156939
0.0015869141,0.0054704933,0.07396271,0.025460465,3.1403036,0.073962316,0.05825411,5.1155367,0.005470424,12.356237
0.0010681152,0.004010326,0.06332708,0.02923524,3.243559,0.06332638,0.05013855,5.7274933,0.0040102303,12.518076
0.00024414063,0.0054516266,0.073835075,0.051324677,3.1941745,0.073834755,0.05734418,5.3500485,0.005451571,12.614726
0.003479004,0.0072713,0.0852714,-0.074913256,2.9707139,0.08527157,0.06743864,4.1496987,0.0072712405,10.582414
0.005279541,0.0092354035,0.09610072,-0.07465093,2.630275,0.09610059,0.078262635,4.334041,0.009235323,11.369037
0.0026245117,0.009905421,0.09952579,0.03726861,2.9123607,0.0995257,0.07903235,4.3608937,0.009905364,11.696225
0.0008544922,0.009745723,0.09872028,0.09036995,2.9903915,0.09872008,0.07696908,4.52168,0.009745655,11.944652
0.00079345703,0.007249091,0.085141495,0.10119485,2.9462698,0.0851414,0.06758208,5.030264,0.0072490573,12.206507
0.0015258789,0.009224308,0.09604316,0.1431529,3.2847352,0.09604318,0.074133694,4.620699,0.009224292,12.30142
0.0035705566,0.006579364,0.08111321,-0.11304242,3.0617173,0.081112936,0.06338178,5.503951,0.006579308,12.501429
0.00076293945,0.008560625,0.092523575,-0.0023234012,2.9578357,0.09252319,0.07280666,4.8779607,0.00856054,12.657079
0.005340576,0.010139703,0.10069548,-0.112826645,2.6933508,0.100695886,0.0810477,4.0695806,0.010139661,10.645037
0.00076293945,0.012186189,0.110390745,0.15354356,2.637458,0.11039034,0.090443395,4.379545,0.012186028,11.385639
0.0010070801,0.01034888,0.101729244,0.20707098,3.3179207,0.10172917,0.07935503,5.0011077,0.010348824,11.627651
-0.000030517578,0.011554996,0.107494004,0.20551103,2.983175,0.10749436,0.0850144,4.8152165,0.011555037,11.972637
-0.0008544922,0.011681159,0.108079284,0.19545947,2.872878,0.10807939,0.08513824,4.5612855,0.011681154,12.200692
0.0015258789,0.009546395,0.09770556,0.13367547,3.1348329,0.097705126,0.07662912,5.2380033,0.009546291,12.351883
-0.000091552734,0.007880312,0.08877105,0.16999967,3.1575356,0.08877061,0.07086121,5.5874596,0.007880222,12.538157
-0.0001373291,0.009057169,0.09516908,0.12616375,3.0623343,0.09516847,0.07589445,5.50268,0.009057038,12.677328
0.003967285,0.015944837,0.12627211,0.0463485,2.7542326,0.12627195,0.10105126,4.0172276,0.015944606,10.625781
0.00088500977,0.0152119,0.123336166,0.1493195,2.7730083,0.123336054,0.098038025,4.375877,0.015211782,11.306384
-0.00012207031,0.014797075,0.121642984,0.22966744,2.9776757,0.12164302,0.095814474,4.576018,0.014797025,11.675714
-0.0017089844,0.017296312,0.13151525,0.3501898,2.9639413,0.13151504,0.102949664,4.1782255,0.017296206,11.956813
0.0010070801,0.01255161,0.11203384,0.18586674,2.8692546,0.11203383,0.08857201,4.8116045,0.01255158,12.208644
-0.0018005371,0.011987543,0.10948753,0.31964764,3.1709528,0.109487385,0.08476751,5.276108,0.011987487,12.324851
-0.00045776367,0.010515129,0.10254322,0.28146827,3.259186,0.10254329,0.07914237,5.2673426,0.0105151255,12.463071
-0.00012207031,0.011840802,0.108815365,0.18573928,3.0447822,0.10881493,0.085582346,5.5872035,0.01184069,12.6514435
0.0015258789,0.018979048,0.13776363,0.061708547,2.5805228,0.13776363,0.11237819,3.8744073,0.01897882,10.679394
-0.0002746582,0.015364608,0.123953685,0.3023507,3.0744724,0.12395401,0.098165095,4.769648,0.015364598,11.275575
-0.0035095215,0.015408452,0.12413054,0.40080693,3.2121506,0.124130726,0.09767296,4.9130726,0.015408438,11.653206
-0.0028076172,0.01849075,0.13598049,0.33628726,2.9432945,0.13598038,0.106851034,4.372947,0.018490663,11.964268
-0.0010375977,0.015305973,0.12371716,0.2235706,2.7489226,0.123716906,0.0993346,4.6692667,0.015305873,12.246395
-0.002532959,0.0119421175,0.109279886,0.32003564,3.1216323,0.10928034,0.08644941,6.0255833,0.011942192,12.370059
-0.0017089844,0.011429569,0.10690907,0.3046846,3.1547368,0.10690861,0.08514325,5.944311,0.011429451,12.534672
-0.0025024414,0.01101084,0.104932465,0.33653146,3.1488361,0.104932204,0.0837158,6.0085764,0.011010768,12.675904
-0.0036315918,0.022171808,0.14890112,0.31504983,2.8405983,0.14890134,0.11861715,4.019307,0.02217161,10.612942
-0.005203247,0.018297028,0.1352661,0.52570695,3.324317,0.1352662,0.106433004,4.904112,0.018296944,11.241356
-0.0076293945,0.022093564,0.14863874,0.5623549,3.1890533,0.14863895,0.116075434,4.4134183,0.022093538,11.642759
-0.00982666,0.024533916,0.15663283,0.57577807,3.0349598,0.15663241,0.123150334,4.4069877,0.02453371,11.96041
-0.0071411133,0.017753841,0.13324338,0.48591998,3.0731332,0.13324341,0.10295404,5.1201067,0.017753806,12.149986
-0.008178711,0.014194102,0.11913889,0.4796561,3.216467,0.11913862,0.09422964,5.6571136,0.014194012,12.364696
-0.00982666,0.014567007,0.12069375,0.6198913,3.4083798,0.12069326,0.09475203,5.4522557,0.014566862,12.487468
-0.009613037,0.01467665,0.12114713,0.59330744,3.3315635,0.12114686,0.09511374,5.737655,0.014676561,12.627738
-0.024963379,0.03137918,0.17714041,0.92932713,3.6746533,0.1771403,0.13425177,3.9817154,0.031378686,10.263179
-0.022979736,0.029160067,0.17076258,1.0310885,3.9757078,0.17076308,0.12745611,4.2678447,0.029160026,10.908629
-0.029022217,0.031573817,0.1776898,1.0318904,3.785046,0.1776899,0.13547577,4.1712017,0.031573698,11.368847
-0.02734375,0.030217642,0.17383191,0.98509586,3.6664255,0.17383172,0.13152978,4.1640644,0.030217463,11.65235
-0.032318115,0.036638014,0.19141032,1.1666857,4.0029707,0.19141059,0.14267719,4.1288924,0.036638014,11.820183
-0.025848389,0.03260372,0.18056478,0.974717,3.6305485,0.18056469,0.13604207,4.1031017,0.032603607,12.058974
-0.030303955,0.035917446,0.1895188,1.1183536,3.9306011,0.18951905,0.14049731,3.9987698,0.03591747,12.155689
-0.02178955,0.032619346,0.18060811,0.9387367,3.749951,0.18060791,0.13369557,4.093502,0.03261922,12.303709
-0.004119873,0.004405692,0.06637491,0.5571401,3.270875,0.066375144,0.049474407,3.5558937,0.0044056596,10.271973
-0.0039978027,0.0045817057,0.067688055,0.5601686,3.3763733,0.06768829,0.05018984,3.5342495,0.004581704,10.94902
-0.0046081543,0.005714709,0.07559551,0.56293195,3.2191103,0.075595565,0.056810435,3.559382,0.0057146894,11.39581
-0.003326416,0.005458047,0.07387847,0.5022963,3.269514,0.07387816,0.055301957,3.720197,0.005457983,11.671676
-0.0051879883,0.0062084068,0.07879333,0.7072681,3.4560413,0.07879299,0.058100484,3.7902486,0.0062083355,11.858704
-0.0048828125,0.006498492,0.08061313,0.6403279,3.4346828,0.08061278,0.059305698,3.8704994,0.0064984206,12.034065
-0.0036621094,0.0070495056,0.08396125,0.573941,3.3498545,0.083961174,0.061471432,3.5118713,0.007049479,12.19165
-0.003112793,0.0055778166,0.07468472,0.5064433,3.3659418,0.07468438,0.054859664,3.73847,0.0055777566,12.324295
-0.0029296875,0.0055965157,0.07480933,0.4698505,3.3704457,0.074809685,0.05488022,3.835416,0.0055964887,10.235913
-0.004638672,0.006541189,0.08087733,0.52280444,3.524282,0.08087738,0.05838081,3.8733072,0.00654115,10.888781
-0.006439209,0.006730337,0.08203844,0.6265439,3.4314828,0.08203849,0.06043002,4.0227103,0.006730314,11.340186
-0.0051879883,0.007273935,0.08528721,0.55632997,3.5114148,0.08528703,0.061879165,4.1958213,0.0072738775,11.595284
-0.005706787,0.0075445264,0.08685911,0.67574656,3.6361792,0.08685894,0.06270413,4.1153207,0.0075444756,11.799329
-0.004699707,0.007922184,0.08900654,0.6071424,3.6061623,0.08900612,0.06413917,3.8044918,0.007922089,11.979921
-0.0038757324,0.008075719,0.08986492,0.47830096,3.4562778,0.08986481,0.06465484,3.7698364,0.008075684,12.145624
-0.0024414063,0.0073824674,0.08592121,0.40585127,3.4235864,0.08592122,0.06199976,3.6885538,0.0073824567,12.286996
-0.0064086914,0.011888334,0.109032854,0.58153117,3.4259632,0.109032854,0.08003096,3.4594827,0.011888163,10.230841
-0.010223389,0.012255077,0.110702254,0.75074977,3.6337292,0.11070244,0.08114377,3.776984,0.01225503,10.90435
-0.010314941,0.01466904,0.12111553,0.77107,3.465576,0.12111566,0.08966954,3.5973833,0.014669003,11.348576
-0.0095825195,0.014667974,0.12111119,0.65894306,3.3552668,0.12111154,0.08931249,3.4626968,0.014668006,11.640891
-0.0113220215,0.014786285,0.1215987,0.79855406,3.6079328,0.121598735,0.089084044,3.7294073,0.014786252,11.826404
-0.008544922,0.014030325,0.11844953,0.69562066,3.6123607,0.11844957,0.08570177,3.6868563,0.014030301,11.9868555
-0.00881958,0.013879377,0.117810644,0.7003735,3.4763188,0.11781057,0.086295895,3.7001185,0.013879331,12.17511
-0.0049743652,0.013632348,0.11675754,0.5298625,3.3876853,0.116757266,0.08498597,3.6736434,0.013632259,12.306526
-0.007446289,0.015235482,0.123431206,0.57650346,3.4660647,0.12343123,0.0909872,3.5887406,0.0152352685,10.234132
-0.010406494,0.016937656,0.13014428,0.74615663,3.7025099,0.13014427,0.094349846,3.921148,0.01693753,10.879599
-0.013885498,0.019137997,0.13833982,0.75197875,3.412906,0.13833974,0.103265755,3.9438648,0.019137884,11.362446
-0.011383057,0.016908526,0.13003255,0.7337359,3.5354097,0.13003275,0.09591205,3.7360537,0.016908517,11.619193
-0.014190674,0.018863369,0.13734378,0.83664423,3.6089525,0.13734372,0.10138567,3.9026957,0.018863298,11.83795
-0.007965088,0.017558107,0.13250685,0.68339026,3.5118306,0.13250685,0.09644433,3.6642232,0.017558066,12.0072
-0.009765625,0.01880891,0.13714544,0.7008914,3.5125296,0.1371456,0.100447744,3.7374387,0.018808912,12.171852
-0.0052490234,0.016517704,0.12852111,0.52811056,3.3295705,0.128521,0.09421597,3.7009282,0.016517645,12.324961
-0.0054626465,0.019260103,0.13877977,0.50770265,3.2555401,0.13877997,0.103083886,3.6116214,0.019259878,10.266663
-0.008758545,0.018213192,0.13495578,0.6876584,3.6014848,0.13495569,0.09811097,3.6820805,0.018213037,10.891385
-0.008300781,0.020385658,0.14277801,0.6907907,3.392665,0.14277762,0.10564606,3.6293397,0.020385448,11.349976
-0.006011963,0.019665204,0.14023243,0.67137134,3.4694583,0.14023238,0.10232847,3.8758385,0.01966512,11.611907
-0.009979248,0.022322724,0.1494077,0.7757246,3.4677348,0.14940803,0.109470494,4.0589876,0.022322757,11.846024
-0.0073242188,0.022066476,0.14854771,0.66367984,3.3877976,0.14854753,0.1090763,3.6525147,0.02206637,12.037055
-0.0069885254,0.02158893,0.14693157,0.63754386,3.4813514,0.14693125,0.10616545,3.7138786,0.021588793,12.15546
-0.0049743652,0.01889237,0.1374494,0.52947354,3.4117324,0.13744937,0.09912184,3.8306453,0.01889233,12.29102
-0.010925293,0.020999983,0.14491268,0.76906323,3.844293,0.14491248,0.10388016,4.0172753,0.020999627,10.155953
-0.011886597,0.018851435,0.13730004,0.6602065,3.5858943,0.1372999,0.10091382,4.208451,0.018851262,10.907782
-0.014923096,0.021452554,0.14646655,0.74225986,3.5079277,0.14646608,0.10868798,3.8544397,0.021452313,11.338669
-0.014526367,0.019112816,0.13824886,0.73655444,3.3512783,0.13824907,0.103636846,3.8700743,0.019112805,11.664986
-0.018676758,0.023597477,0.15361449,0.8670795,3.461366,0.15361446,0.11571445,3.9108887,0.023597402,11.88672
-0.014770508,0.023199167,0.15231255,0.7308484,3.4958398,0.15231217,0.11298792,3.8892276,0.023198998,12.03862
-0.014434814,0.024750667,0.15732329,0.8307643,3.5497828,0.15732317,0.11580867,4.3428288,0.024750581,12.178316
-0.011505127,0.025294947,0.15904371,0.75118464,3.5566287,0.15904355,0.11670492,3.929933,0.025294852,12.306307
-0.012664795,0.022808123,0.1510225,0.8250347,3.8741608,0.1510225,0.10920716,4.1008706,0.022807792,10.164787
-0.015045166,0.023093965,0.15196644,0.7583612,3.752967,0.15196645,0.11188227,4.3039284,0.023093805,10.896756
-0.0152282715,0.022648295,0.15049314,0.6199531,3.3109407,0.15049379,0.11424785,4.1744905,0.022648381,11.398401
-0.022125244,0.02067673,0.14379379,0.79689306,3.3223634,0.14379358,0.11066651,4.043229,0.020676592,11.711707
-0.018798828,0.025813015,0.16066407,0.88948435,3.69205,0.16066441,0.119486846,4.109104,0.02581305,11.840404
-0.017608643,0.023121031,0.15205583,0.83329546,3.637776,0.1520561,0.11289379,4.1488595,0.023121057,12.024166
-0.013885498,0.025302693,0.15906805,0.8598165,3.6581671,0.15906782,0.11641558,4.075717,0.025302574,12.158665
-0.013702393,0.028401773,0.16852811,0.7594438,3.4643593,0.16852793,0.12468754,3.990893,0.028401664,12.328569
-0.014587402,0.025408411,0.15939902,0.8941958,3.8979368,0.15939942,0.11564954,3.9368584,0.025408173,10.169755
-0.01739502,0.02505969,0.15830196,0.9226013,4.051879,0.15830167,0.11638392,4.6385074,0.025059419,10.874917
-0.02154541,0.02955731,0.17192198,0.86326426,3.5937192,0.17192194,0.12936491,4.2887793,0.029557152,11.364232
-0.023986816,0.028328976,0.16831183,0.86849004,3.513611,0.1683117,0.1278196,4.304438,0.028328827,11.67577
-0.026245117,0.029011302,0.1703268,0.990207,3.6670797,0.17032646,0.12845457,4.1272063,0.0290111,11.86837
-0.020477295,0.028218407,0.16798316,0.91083664,3.7162359,0.16798323,0.123805374,4.1290045,0.028218368,12.010125
-0.023071289,0.031244678,0.17676146,1.0229987,3.822283,0.17676157,0.13088447,4.2383423,0.03124465,12.162715
-0.015197754,0.030849397,0.17563981,0.8037028,3.5431128,0.17563976,0.12926137,4.0518723,0.030849325,12.312959
-0.018829346,0.027889164,0.1669993,0.94771665,3.9271338,0.16699953,0.12256698,4.1206155,0.027888844,10.184987
-0.01889038,0.025082296,0.15837334,0.9459757,4.018649,0.15837348,0.11688132,4.5776324,0.025082158,10.884691
-0.015838623,0.027306236,0.1652456,0.7779385,3.6430876,0.1652456,0.123079054,4.305448,0.027306106,11.3412485
-0.025939941,0.025105977,0.15844838,0.9196286,3.5965078,0.15844826,0.1206769,4.403863,0.025105853,11.66757
-0.025421143,0.030631125,0.17501725,0.9803798,3.6497674,0.17501703,0.13198212,4.2014256,0.03063096,11.872541
-0.022735596,0.02671845,0.1634576,0.88034385,3.5968623,0.16345741,0.12354148,4.459528,0.026718324,12.061797
-0.01889038,0.03095286,0.17593408,0.93770957,3.736071,0.17593433,0.12877966,4.192703,0.030952886,12.154483
-0.0115356445,0.027964544,0.16722588,0.7355077,3.4862432,0.1672256,0.12251589,4.087306,0.0279644,12.316334
-0.048339844,0.03277148,0.18102743,1.7228917,5.8401217,0.18102728,0.12740001,4.3529043,0.032770876,9.786914
-0.052612305,0.03449421,0.18572539,1.6400553,5.526866,0.18572591,0.13393089,4.3270745,0.034494113,10.549419
-0.043762207,0.033524666,0.18309692,1.6914986,5.758775,0.18309702,0.12819792,4.2751975,0.033524517,10.886537
-0.060791016,0.038008403,0.19495703,1.8387116,5.9827375,0.19495697,0.13717854,4.1073203,0.03800822,11.156135
-0.047851563,0.033564564,0.18320604,1.7329137,5.860516,0.18320611,0.12943487,4.3371162,0.03356448,11.410062
-0.06225586,0.03425935,0.18509255,1.7502197,5.6849775,0.18509275,0.1345394,4.361662,0.034259323,11.643347
-0.053649902,0.034022994,0.18445301,1.7332426,5.785574,0.18445241,0.13121271,4.3296504,0.034022693,11.757414
-0.052581787,0.034071464,0.18458438,1.6963934,5.662402,0.18458396,0.13243821,4.3110237,0.03407124,11.916899
-0.0063476563,0.004529869,0.06730374,0.9436096,4.4092083,0.06730408,0.04886596,4.835813,0.0045298394,9.978107
-0.0068969727,0.0039384705,0.06275698,1.001019,4.662845,0.06275782,0.045761358,5.3042912,0.0039385436,10.669189
-0.008422852,0.0050675436,0.07118648,1.0692326,4.6695223,0.071186796,0.051519062,5.0942087,0.00506756,11.057285
-0.009490967,0.0049167303,0.070119254,1.1089422,4.737543,0.07011951,0.051079523,5.0050573,0.0049167457,11.349336
-0.0079956055,0.005117991,0.07154001,1.0404742,4.800985,0.07153974,0.05166329,5.1586585,0.005117934,11.553199
-0.013671875,0.0058374116,0.07640285,1.0283275,4.1670127,0.07640241,0.057930853,4.59307,0.0058373287,11.871142
-0.014099121,0.0053979596,0.07347072,1.0635855,4.200878,0.07347025,0.05517048,4.704933,0.005397878,11.997342
-0.011230469,0.006520874,0.080751844,0.9046208,3.8835847,0.08075175,0.06098031,4.454903,0.006520844,12.173244
-0.00289917,0.005663543,0.07525589,0.6633726,4.735993,0.07525635,0.053867865,5.091646,0.005663518,9.928873
-0.006286621,0.0068322984,0.082657374,0.82861096,4.206916,0.08265771,0.060743578,4.646066,0.006832297,10.717361
-0.011138916,0.006951394,0.08337479,1.0021926,4.2676086,0.08337492,0.061799094,4.7327456,0.0069513773,11.129758
-0.008514404,0.0074373554,0.08623993,0.99759024,4.546677,0.08623976,0.06209488,4.8281884,0.007437297,11.338712
-0.0077209473,0.0068742516,0.08291097,0.84722656,4.2757874,0.08291031,0.060899705,5.0540986,0.0068741185,11.624947
-0.011108398,0.00802364,0.08957465,0.9372179,4.343828,0.08957463,0.06607156,4.8085613,0.008023614,11.804424
-0.010620117,0.008912169,0.094404176,0.9355837,4.1859183,0.09440407,0.0690648,4.19146,0.008912129,11.953108
-0.009338379,0.008475833,0.09206419,0.84045076,4.021111,0.092063695,0.06817806,4.366961,0.008475725,12.122293
-0.008392334,0.010367533,0.10182023,0.8296454,4.293419,0.10182085,0.074550115,4.5772986,0.010367485,9.99633
-0.0051879883,0.009727226,0.098626286,0.69947404,4.1491,0.09862639,0.074321076,5.0544753,0.009727164,10.769199
-0.010925293,0.012213889,0.11051615,0.8503816,3.9930515,0.11051594,0.08307594,4.5686927,0.012213773,11.180313
-0.0115356445,0.013165091,0.11473899,0.93621594,4.2463245,0.11473899,0.08464247,4.7202387,0.013165036,11.406852
-0.005218506,0.012485015,0.11173618,0.75328964,3.9551156,0.11173602,0.08448758,4.6578245,0.012484938,11.703498
-0.011413574,0.012816684,0.11321064,0.8589446,3.8967829,0.11321019,0.08589673,4.5575466,0.0128165465,11.897548
-0.010406494,0.014154899,0.118974224,0.77925813,3.723534,0.11897399,0.090489246,4.1687403,0.01415481,12.063693
-0.013244629,0.013876855,0.117799945,0.8261811,3.7786157,0.11779956,0.088889174,4.2836165,0.013876735,12.177483
-0.015594482,0.017053023,0.13058613,0.8892844,3.972176,0.13058618,0.09741429,4.104885,0.017052751,10.053126
-0.010986328,0.014491107,0.12037852,0.7386894,3.7084262,0.12037842,0.09242783,4.9166446,0.014490964,10.8344755
-0.01940918,0.01701588,0.13044457,1.0857967,4.2350097,0.13044429,0.096230574,4.3105483,0.017015712,11.114487
-0.016326904,0.017124642,0.13086088,0.9942973,4.2128515,0.13086103,0.096721604,4.655025,0.017124608,11.40625
-0.012390137,0.014667614,0.121109724,0.9967382,4.34651,0.12110967,0.08907867,4.9247556,0.014667552,11.611469
-0.019622803,0.017992983,0.13413773,1.0060068,3.9409988,0.13413756,0.102286786,4.669634,0.017992886,11.898492
-0.018310547,0.018157566,0.13474986,0.987517,3.9800906,0.1347494,0.101828285,4.446414,0.0181574,12.024281
-0.018066406,0.019343762,0.1390817,0.9350826,3.850758,0.13908127,0.10534702,4.2284937,0.0193436,12.18149
-0.015411377,0.020505872,0.14319752,0.95993185,4.2263503,0.14319743,0.10495555,4.469456,0.020505507,10.006097
-0.014007568,0.017860323,0.13364196,0.8551639,4.019763,0.13364181,0.10162241,5.074015,0.017860133,10.788668
-0.016845703,0.020048428,0.14159209,0.96160775,3.9865751,0.14159216,0.106050655,4.614746,0.02004834,11.164433
-0.018127441,0.020994315,0.14489385,1.0454267,4.282524,0.14489388,0.10757818,4.538865,0.020994237,11.406754
-0.013580322,0.019235559,0.13869208,0.9320406,4.092899,0.13869184,0.104331866,4.674503,0.019235427,11.674398
-0.019714355,0.018539514,0.1361597,1.0580698,4.237182,0.13615933,0.10343645,5.0803857,0.018539362,11.869053
-0.017974854,0.020598013,0.14351991,0.98828065,4.084025,0.14351939,0.1081905,4.400104,0.020597814,12.012733
-0.016693115,0.019281052,0.13885608,0.9728345,4.0314813,0.13885581,0.10490713,4.4964566,0.019280937,12.162053
-0.024719238,0.023719773,0.15401097,1.2049482,4.7359066,0.15401095,0.111472115,4.6203103,0.023719372,9.940732
-0.02166748,0.022354465,0.14951348,1.1613247,4.629835,0.1495139,0.10920133,4.7694845,0.022354405,10.659446
-0.02557373,0.023858743,0.15446232,1.2353911,4.5819235,0.1544623,0.1126119,4.5578113,0.0238586,11.058614
-0.026763916,0.025105603,0.15844715,1.2923064,4.8042674,0.15844694,0.11492258,4.499817,0.02510543,11.321377
-0.021362305,0.022001648,0.14832929,1.3125764,4.9432015,0.14832918,0.105770476,4.6602674,0.022001548,11.506131
-0.024047852,0.021268979,0.14583868,1.2510451,4.6281734,0.14583829,0.10830661,4.6266565,0.021268807,11.790263
-0.028839111,0.023861142,0.15447034,1.2770296,4.5922437,0.15446995,0.11443501,4.426008,0.023860965,11.936062
-0.023956299,0.02479466,0.15746304,1.2316548,4.54358,0.15746266,0.11604777,4.5917077,0.02479449,12.068418
-0.026275635,0.024752168,0.1573269,1.3031622,4.9693265,0.15732697,0.11276454,4.5002317,0.024751775,9.898599
-0.027374268,0.025273548,0.1589759,1.2984961,4.918174,0.1589757,0.11511518,4.58064,0.025273273,10.615537
-0.026885986,0.026828188,0.16379267,1.3604338,5.0123205,0.16379288,0.116174094,4.257182,0.026828105,10.976085
-0.03137207,0.02745078,0.16568242,1.4272507,5.08419,0.16568281,0.11868705,4.5206437,0.027450794,11.2746725
-0.030700684,0.026167179,0.16176245,1.4115359,5.018145,0.16176201,0.116602376,4.7830276,0.026166948,11.518638
-0.035583496,0.025181642,0.15868703,1.4296614,4.9771886,0.1586866,0.116094485,4.6799498,0.025181437,11.72823
-0.029846191,0.026249548,0.16201693,1.3741621,4.9465213,0.16201666,0.11810633,4.562474,0.026249398,11.877914
-0.03353882,0.0277655,0.16662966,1.4266217,5.011439,0.16662923,0.12078569,4.5489955,0.027765296,11.996194
-0.02557373,0.027503723,0.16584109,1.3392158,5.0454307,0.16584116,0.11825078,4.4325995,0.02750329,9.885132
-0.037750244,0.02887275,0.16991913,1.567804,5.485332,0.1699195,0.12102983,4.6317096,0.028872637,10.540988
-0.030334473,0.027890956,0.16700539,1.3729546,5.0042286,0.16700545,0.12001798,4.533083,0.02789082,11.000417
-0.046691895,0.0323274,0.17979784,1.6914439,5.68348,0.17979793,0.12650546,4.4240813,0.032327294,11.188305
-0.035705566,0.02893119,0.17009142,1.5076627,5.317849,0.17009155,0.122174695,4.5188355,0.028931139,11.490377
-0.05117798,0.030644763,0.17505622,1.4720726,4.8788486,0.1750558,0.13040291,4.4407225,0.030644532,11.760034
-0.040649414,0.029100688,0.17058903,1.5117072,5.219373,0.17058873,0.124230765,4.4407263,0.029100517,11.854294
-0.036254883,0.027593523,0.16611281,1.5668033,5.496694,0.16611244,0.11848573,4.693219,0.027593343,11.933779
-0.041168213,0.03154449,0.1776062,1.7503074,6.0097666,0.1776065,0.12240706,4.249624,0.031544067,9.745065
-0.045776367,0.0330709,0.18185331,1.7439377,5.9792876,0.18185335,0.12686941,4.3136644,0.033070643,10.458582
-0.0446167,0.0326358,0.1806533,1.6196386,5.4872684,0.18065302,0.12847833,4.2083654,0.032635514,10.9343605
-0.0619812,0.036076054,0.18993658,1.7245526,5.6007223,0.18993689,0.13677774,4.2260003,0.036076024,11.226894
-0.043029785,0.03187356,0.1785314,1.691269,5.7676544,0.17853165,0.12567215,4.388795,0.031873547,11.410771
-0.055389404,0.033159923,0.1820984,1.6766256,5.4621983,0.182098,0.13177785,4.3569727,0.03315968,11.654938
-0.04534912,0.030807357,0.17552003,1.5828308,5.3869066,0.17551976,0.12706482,4.414205,0.030807186,11.825918
-0.04058838,0.03165689,0.17792366,1.6259528,5.6103616,0.17792284,0.12550674,4.4456635,0.03165654,11.899522
-0.086242676,0.054141793,0.23268165,1.9266412,6.068938,0.23268192,0.16468062,3.6738045,0.054140877,9.615218
-0.081222534,0.056430828,0.23755059,2.0251257,6.364216,0.23755063,0.16430019,3.63859,0.056430303,10.241233
-0.09661865,0.059357896,0.24363399,1.870412,5.724696,0.24363364,0.17588876,3.5511243,0.05935735,10.7707205
-0.07525635,0.054379713,0.23319402,1.9150152,6.0429964,0.23319413,0.16362788,3.6365516,0.0543795,10.993386
-0.09011841,0.057215273,0.23919669,1.9289135,6.031803,0.23919646,0.16969885,3.6839802,0.05721495,11.230855
-0.08453369,0.058632802,0.24214172,1.7743901,5.4908624,0.24214189,0.1756633,3.555231,0.05863269,11.500865
-0.094451904,0.063812196,0.25261042,1.9338859,5.9157805,0.25261033,0.17775513,3.4869075,0.06381198,11.561754
-0.082214355,0.056266062,0.2372044,2.0233104,6.308893,0.23720446,0.16419743,3.6675727,0.056265958,11.6368265
-0.0059814453,0.0063670855,0.07979325,0.9049068,4.551807,0.079793684,0.055621028,4.563083,0.0063670315,9.745106
-0.010375977,0.008340708,0.09132704,1.2371469,5.0737853,0.09132712,0.063052475,4.50978,0.008340643,10.389195
-0.007659912,0.0081855925,0.09047397,1.2018946,5.1766233,0.09047422,0.06180789,4.7890835,0.008185584,10.777479
-0.01184082,0.009171441,0.09576741,1.3114821,5.4951715,0.0957673,0.06508237,4.879381,0.009171375,11.02587
-0.010925293,0.009480028,0.09736525,1.2542527,5.317458,0.097364925,0.06694954,4.8657656,0.009479929,11.28292
-0.011688232,0.010076595,0.10038208,1.241084,5.1232934,0.10038202,0.06927966,4.842645,0.01007655,11.485787
-0.012420654,0.011180469,0.10573759,1.3597767,5.309639,0.105737396,0.07249091,4.6666436,0.011180397,11.615645
-0.010192871,0.01063407,0.103121504,1.186023,5.1183453,0.10312137,0.071925014,4.9593363,0.010634016,11.796755
-0.008514404,0.0111644305,0.10566085,1.043374,4.634167,0.10566097,0.07438933,4.3829265,0.01116424,9.757576
-0.01171875,0.012396623,0.11133959,0.9275736,4.2644567,0.1113398,0.08070651,4.3369904,0.012396551,10.532758
-0.021881104,0.0134922825,0.116155915,1.2813828,4.8004975,0.11615563,0.08427701,4.443554,0.013492132,10.891416
-0.014831543,0.014210795,0.11920875,1.1832548,4.863231,0.11920826,0.08340272,4.658984,0.01421061,11.121026
-0.020477295,0.015626837,0.12500711,1.2638173,4.7749305,0.1250068,0.08990483,4.6144953,0.015626699,11.394738
-0.008758545,0.011893124,0.10905543,1.0522699,4.7639403,0.10905537,0.076607,4.474012,0.011893073,11.538827
-0.020507813,0.01715542,0.13097852,1.2354501,4.6728597,0.13097845,0.093727104,4.2999587,0.017155353,11.727094
-0.015075684,0.015935963,0.12623757,1.1362611,4.592863,0.12623759,0.09130041,4.327516,0.01593593,11.888981
-0.019317627,0.020904828,0.14458363,1.1778054,4.6280603,0.14458367,0.10226865,4.250781,0.020904439,9.760385
-0.019165039,0.021651892,0.14714512,1.1847601,4.6709723,0.14714476,0.106189586,4.556749,0.02165158,10.49409
-0.023590088,0.02250896,0.15002938,1.1605625,4.408974,0.15002912,0.11017113,4.4201217,0.022508737,10.950756
-0.023162842,0.023755057,0.15412639,1.3307226,4.8948855,0.15412639,0.10855373,4.522402,0.023754943,11.1280575
-0.019256592,0.021806587,0.14767025,1.3718725,5.318652,0.14767013,0.10214689,4.578769,0.021806467,11.290436
-0.02017212,0.022391092,0.14963628,1.3550061,5.2002945,0.14963621,0.10534086,4.770277,0.022390997,11.508808
-0.025665283,0.023382701,0.15291382,1.4331229,5.135867,0.15291344,0.107935816,4.500997,0.023382518,11.672984
-0.024627686,0.022834444,0.15111051,1.3173474,4.702012,0.15111008,0.10990545,4.3650756,0.022834258,11.8912735
-0.025421143,0.024015136,0.15496668,1.1405739,4.2822037,0.15496667,0.11430614,4.110519,0.024014669,9.862292
-0.032409668,0.02817872,0.16786438,1.2459917,4.4515815,0.16786431,0.12324417,4.190287,0.028178424,10.534642
-0.033111572,0.029432772,0.17155927,1.3339925,4.5208616,0.17155956,0.124516934,4.2382474,0.02943268,10.91372
-0.040527344,0.02935504,0.17133272,1.571603,5.230392,0.17133255,0.123018675,4.479692,0.029354846,11.122824
-0.033172607,0.028356958,0.16839492,1.3706686,4.7927456,0.16839519,0.121813245,4.433874,0.02835694,11.400003
-0.028961182,0.028590765,0.16908777,1.4075243,4.962675,0.16908771,0.12076031,4.481591,0.028590655,11.548123
-0.03640747,0.030129906,0.17357944,1.4346483,4.797317,0.17357963,0.12589167,4.228306,0.03012989,11.738546
-0.040985107,0.03063423,0.17502616,1.6042219,5.330165,0.1750258,0.12515624,4.4001603,0.030634033,11.801715
-0.03756714,0.032772236,0.18102929,1.7616575,5.9955053,0.18102929,0.12516676,4.480638,0.032771602,9.615196
-0.035324097,0.031969458,0.17879918,1.6193289,5.6938643,0.17879908,0.12516376,4.476105,0.03196911,10.356838
-0.04486084,0.035032306,0.1871686,1.8518496,6.2007885,0.18716885,0.12897791,4.3180103,0.03503218,10.69059
-0.041168213,0.032392874,0.17997977,1.9627047,6.731228,0.17997958,0.12115794,4.4815063,0.032392647,10.905148
-0.04849243,0.033179656,0.1821525,2.0085812,6.801795,0.18215275,0.1237965,4.464228,0.033179626,11.13278
-0.04827881,0.03559775,0.18867335,1.9250857,6.4649014,0.18867315,0.12932053,4.2952285,0.03559756,11.355774
-0.053604126,0.03645971,0.190944,1.8835932,6.2032933,0.19094361,0.13287559,4.2427163,0.03645946,11.547517
-0.04498291,0.033554994,0.18318,1.929878,6.5060105,0.18317947,0.12509833,4.410551,0.033554718,11.634208
-0.048980713,0.0341458,0.18478404,1.9846492,6.679059,0.18478379,0.12623729,4.3829927,0.034145046,9.534675
-0.052978516,0.036156766,0.19014841,1.93542,6.472064,0.19014898,0.13184226,4.3235207,0.036156636,10.271712
-0.053894043,0.040181436,0.20045243,1.9995972,6.534105,0.2004524,0.13617364,4.127017,0.040181164,10.631215
-0.0546875,0.037885435,0.19464134,1.955546,6.3946996,0.19464125,0.13400325,4.2339263,0.037885215,10.952001
-0.064331055,0.040921614,0.20229052,1.9357959,6.235168,0.20229028,0.14206493,4.09978,0.040921357,11.211561
-0.050048828,0.036329586,0.19060291,1.8413453,6.095535,0.19060265,0.13292196,4.28473,0.036329366,11.410691
-0.068115234,0.04606892,0.21463643,1.9612209,6.2627807,0.21463618,0.14923131,3.8732023,0.046068687,11.527582
-0.05178833,0.03715805,0.192764,2.0007873,6.6431723,0.19276325,0.13150021,4.24272,0.037157673,11.6171055
-0.056350708,0.04297383,0.2072993,2.1409967,7.139426,0.20729929,0.13788973,4.023682,0.042972997,9.445295
-0.05633545,0.042904466,0.20713294,1.9750744,6.525229,0.20713304,0.141868,4.09498,0.042904098,10.238005
-0.064819336,0.046019908,0.21452183,1.975777,6.403999,0.2145218,0.14819653,3.8829496,0.0460196,10.658962
-0.058044434,0.045242753,0.21270293,2.0022268,6.4905214,0.21270305,0.14457342,3.9558938,0.04524259,10.922163
-0.06845093,0.046645816,0.215976,2.0319612,6.5015626,0.21597601,0.14894868,3.8976405,0.04664564,11.153663
-0.06173706,0.04354792,0.20868106,1.963442,6.4096975,0.2086806,0.14373745,4.0207396,0.043547593,11.355712
-0.07034302,0.052171376,0.22841023,1.8405142,5.7885866,0.2284103,0.16179019,3.698152,0.052171268,11.595868
-0.063201904,0.041902218,0.20470007,2.025865,6.6082726,0.20469926,0.14100045,4.094767,0.04190179,11.625901
-0.057128906,0.04292995,0.20719345,2.1523578,7.2239265,0.20719336,0.1374118,4.0740504,0.04292909,9.436845
-0.057800293,0.043916516,0.20956168,2.0204213,6.6978436,0.20956199,0.14228028,4.07635,0.043916225,10.211826
-0.0635376,0.045496214,0.21329774,2.093161,6.8464413,0.21329784,0.14443517,4.016543,0.045495972,10.594108
-0.0635376,0.047819763,0.21867679,2.0990403,6.803533,0.21867703,0.14693275,3.9798431,0.047819644,10.871347
-0.06756592,0.04877196,0.22084332,2.0457213,6.5926456,0.22084326,0.15090169,3.8899527,0.048771743,11.13522
-0.058929443,0.04548618,0.21327455,1.9560245,6.4433613,0.21327431,0.14684497,3.9707677,0.045485932,11.354766
-0.07333374,0.050242007,0.22414698,2.010563,6.4043193,0.22414654,0.1549276,3.7984521,0.05024167,11.502524
-0.062408447,0.047048353,0.21690607,2.1261935,6.9066052,0.21690623,0.14549072,3.9563377,0.047048315,11.553799
-0.070617676,0.047992416,0.21906962,2.1323984,6.974701,0.2190697,0.14868218,3.9456842,0.047991537,9.482743
-0.07055664,0.05206656,0.22817989,1.9669251,6.258949,0.22818008,0.15749505,3.7576544,0.05206615,10.259211
-0.07260132,0.048191603,0.21952516,2.0828774,6.7237263,0.21952493,0.15061408,3.919569,0.048191197,10.615338
-0.06350708,0.049273893,0.2219767,2.0461721,6.559459,0.22197694,0.14997122,3.8601873,0.049273763,10.89801
-0.07623291,0.05065507,0.22506638,2.0820599,6.646174,0.22506602,0.15434918,3.8579175,0.050654717,11.12888
-0.0717926,0.0516051,0.22716719,1.9395694,6.168753,0.22716676,0.15827422,3.7604449,0.051604733,11.385485
-0.08621216,0.057433285,0.2396521,1.9569893,6.0745573,0.239652,0.16821201,3.5828726,0.05743308,11.547717
-0.071136475,0.050971143,0.22576763,2.0640745,6.5665793,0.2257677,0.15396695,3.8545783,0.050971057,11.60138
-0.04937744,0.034106772,0.18467826,1.7770053,6.214951,0.18467847,0.13060226,4.3162537,0.034106135,9.5536995
-0.059448242,0.044910923,0.21192084,1.6579078,5.362613,0.21192095,0.15115535,3.8839464,0.044910487,10.289741
-0.07077026,0.051634554,0.22723156,1.7297553,5.384621,0.22723158,0.16317047,3.7764285,0.051634192,10.692104
-0.069000244,0.048723515,0.22073345,1.9086773,6.048471,0.22073425,0.15383516,3.7319129,0.048723612,10.874157
-0.0741272,0.05221035,0.22849536,1.8946187,6.001208,0.22849464,0.16046491,3.6615274,0.052209802,11.1144285
-0.06942749,0.055821303,0.2362649,1.9768857,6.1601043,0.23626496,0.16112506,3.5758524,0.05582113,11.229941
-0.06892395,0.04613134,0.21478175,1.9700005,6.3044934,0.21478103,0.14825927,3.8914769,0.04613089,11.395951
-0.053466797,0.040853947,0.20212331,1.6056032,5.4061213,0.20212348,0.14537907,4.2837415,0.0408539,11.6894
-0.003616333,0.00759874,0.087169826,0.12084169,2.9551728,0.08717023,0.06658752,3.5166717,0.0075986483,9.954756
-0.0047302246,0.007817198,0.088414446,0.325834,2.7587476,0.088415086,0.06903919,3.7122233,0.007817227,10.708112
-0.0048217773,0.006342252,0.07963797,0.44761032,3.2130873,0.0796384,0.060888935,4.232464,0.0063422746,11.023808
-0.005584717,0.007066159,0.08406022,0.46947667,3.3052995,0.08406032,0.06443685,4.286095,0.0070661367,11.300979
-0.00592041,0.010233783,0.10116195,0.328533,2.6928575,0.101161815,0.08066428,3.7325742,0.010233712,11.662787
-0.01361084,0.0112361405,0.106000476,0.5641599,2.8119404,0.106000446,0.08349449,3.8699582,0.011236095,11.813311
-0.010070801,0.0086274315,0.092883825,0.66452545,3.3099675,0.09288358,0.07131565,4.3882113,0.008627359,11.872259
-0.0009460449,0.006899259,0.08306167,0.294325,3.3548267,0.08306161,0.06285375,4.5672603,0.0068992316,11.972743
-0.000579834,0.0072648115,0.08523296,0.06021152,3.5835884,0.085233234,0.06348819,3.9596515,0.007264704,9.851338
-0.0029907227,0.00742056,0.08614221,0.27810577,3.0968943,0.086142704,0.06751819,4.1520176,0.0074205655,10.675042
-0.0056762695,0.009143195,0.095619716,0.32311207,2.9758806,0.09561962,0.074034974,4.056154,0.009143112,11.069654
0.000061035156,0.009124386,0.0955214,0.16106872,3.1510396,0.095521435,0.07398972,3.9108047,0.009124344,11.336399
-0.0029296875,0.012887408,0.11352248,0.3098361,2.8887982,0.11352261,0.090514116,3.8103082,0.012887383,11.638914
-0.009277344,0.011870063,0.108949624,0.5446615,3.2757728,0.108949766,0.08313508,4.3965573,0.011870052,11.708878
-0.0065307617,0.010327873,0.10162599,0.37836772,3.110441,0.101625964,0.079213634,4.6242137,0.0103278365,11.912091
0.0024108887,0.010138535,0.100690156,-0.05279401,2.8856084,0.10069008,0.07857552,4.1164904,0.010138493,12.070735
0.0040283203,0.012053079,0.109785356,-0.23629573,3.0463715,0.10978551,0.084855035,3.6122792,0.012052858,9.974112
0.00012207031,0.01133171,0.10644994,-0.078813195,2.69971,0.106450476,0.08489602,3.8653514,0.011331704,10.747052
-0.0028381348,0.012912439,0.11363251,0.21120885,2.7871804,0.11363248,0.08941451,4.5500093,0.01291234,11.120615
0.000579834,0.012778871,0.11304337,0.16496548,3.061271,0.11304344,0.0876236,4.6055737,0.01277882,11.345082
-0.007232666,0.018794673,0.13709337,0.34090847,2.7050107,0.13709325,0.108032964,3.6246696,0.018794559,11.645929
-0.008392334,0.017683022,0.13297729,0.30513576,2.807769,0.13297682,0.10416191,4.0696435,0.017682832,11.80523
-0.0010986328,0.014182886,0.11909174,0.14318761,2.991821,0.11909165,0.09208627,4.3063297,0.014182821,11.915829
0.0043029785,0.011324995,0.10641882,-0.059195876,3.0438526,0.10641884,0.082329035,4.224101,0.01132497,12.037437
-0.0032958984,0.01625404,0.12749,0.13214843,2.8656027,0.12749036,0.10099863,3.5395887,0.01625379,10.043624
-0.0067749023,0.015832562,0.12582684,0.45837986,3.420695,0.12582676,0.09639746,4.161683,0.015832372,10.5961
-0.007019043,0.01887628,0.1373905,0.4449857,3.1314635,0.13739058,0.10614434,3.8320622,0.018876173,11.042785
-0.010284424,0.020711578,0.14391479,0.6595941,3.5106604,0.14391506,0.11089923,3.9590242,0.020711545,11.292809
-0.010070801,0.023781791,0.15421313,0.53649986,3.1228693,0.15421352,0.11868987,3.6431866,0.023781808,11.555523
-0.019348145,0.027330961,0.16532049,0.782361,3.3267846,0.16532037,0.1259439,3.749157,0.027330821,11.700632
-0.013305664,0.023872748,0.15450785,0.49779272,3.0131142,0.1545077,0.120943524,4.119964,0.023872627,11.932782
-0.006072998,0.020958092,0.14476891,0.35761228,3.0294757,0.14476874,0.11204862,3.9630823,0.02095799,12.038661
-0.02279663,0.022922164,0.15139906,0.85581654,3.693435,0.15139903,0.116095535,4.206373,0.022921665,9.887242
-0.022949219,0.02145648,0.14647952,1.017143,4.327809,0.14647971,0.11005094,4.66619,0.021456305,10.481035
-0.015533447,0.021899495,0.14798425,0.80292577,3.9108095,0.14798428,0.1107079,4.259098,0.021899346,10.90812
-0.017608643,0.022793856,0.15097593,1.0352006,4.3030605,0.15097612,0.11063882,4.2919354,0.022793788,11.128375
-0.027008057,0.028871177,0.16991484,1.143872,4.1881223,0.16991511,0.12673421,4.0605063,0.028871145,11.389705
-0.036621094,0.03486571,0.18672328,1.2693733,4.276166,0.18672356,0.13953547,3.957632,0.03486569,11.569735
-0.031311035,0.029306168,0.17119019,1.2369056,4.401882,0.17119016,0.12663707,4.4167466,0.02930607,11.698604
-0.015136719,0.0236383,0.15374732,0.7355473,3.6219718,0.15374695,0.116546005,4.386877,0.023638124,11.945036
-0.026550293,0.029820964,0.17268562,0.9520847,3.6785157,0.17268598,0.13252498,3.9886372,0.029820448,9.883294
-0.017959595,0.02554214,0.15981823,0.8837227,3.9059837,0.15981813,0.1206008,4.389412,0.025541833,10.529197
-0.020965576,0.02826451,0.16811992,1.1430949,4.37986,0.16811989,0.120835096,4.1632233,0.028264297,10.802401
-0.021759033,0.025222067,0.15881415,1.1345019,4.435368,0.15881436,0.11585198,4.4488606,0.025222,11.111356
-0.032196045,0.03219054,0.17941684,1.2048497,4.2970924,0.17941734,0.13255441,3.9919052,0.032190584,11.363305
-0.034820557,0.035845786,0.1893295,1.0662423,3.8195662,0.18933016,0.14589106,3.9390903,0.03584591,11.66516
-0.03314209,0.031573877,0.17769012,1.2123915,4.303487,0.17769001,0.13187,4.414048,0.031573743,11.709962
-0.008666992,0.02456624,0.156736,0.5022037,3.2690618,0.15673558,0.12012041,4.1811466,0.024566045,12.001286
-0.028289795,0.030564677,0.17482576,1.3618724,4.9352355,0.17482598,0.1272367,4.361201,0.030564122,9.726881
-0.026733398,0.027419614,0.1655878,1.0568906,4.1833525,0.16558783,0.12552407,4.5971403,0.027419327,10.5133915
-0.06137085,0.049401004,0.22226258,1.4274704,4.4800897,0.22226204,0.16598995,3.5310597,0.04940041,10.847893
-0.048736572,0.034386147,0.18543454,1.4849093,5.037657,0.18543464,0.13675803,4.359051,0.034386005,11.071221
-0.04537964,0.037702028,0.19416969,1.6292526,5.368051,0.19416973,0.13813996,4.0166264,0.037701882,11.207924
-0.05078125,0.040038083,0.20009483,1.4814214,4.8319683,0.20009558,0.14788894,3.8389552,0.040038243,11.494577
-0.066589355,0.044027627,0.20982729,1.4263144,4.4689775,0.20982738,0.15884323,3.8652494,0.044027526,11.720229
-0.017913818,0.030286664,0.17403041,0.85491997,3.747623,0.17403021,0.13136733,4.332568,0.030286513,11.928041
-0.044891357,0.032545604,0.18040211,1.7853551,6.1754417,0.18040176,0.1257574,4.327398,0.032544795,9.528954
-0.046722412,0.03463313,0.1860988,1.6455771,5.7104135,0.18609938,0.132301,4.163097,0.03463298,10.276967
-0.06781006,0.052881535,0.22995904,1.7830464,5.509466,0.2299591,0.16176341,3.6314414,0.052881185,10.64498
-0.061462402,0.041811395,0.2044778,1.9574302,6.4205384,0.20447715,0.1407443,3.9729521,0.041810904,10.83051
-0.06085205,0.048228037,0.21960835,2.0063818,6.40981,0.21960807,0.14821212,3.788154,0.048227705,11.01908
-0.061431885,0.04794501,0.2189631,2.0255675,6.421084,0.21896288,0.14693096,3.7382705,0.04794474,11.189307
-0.071136475,0.044276208,0.21041879,1.7312975,5.4532404,0.21041863,0.1520528,3.8375647,0.044275995,11.5457115
-0.05722046,0.040296942,0.20074071,1.736819,5.6454587,0.20074044,0.14230213,3.9827526,0.040296726,11.639376
-0.05645752,0.0394192,0.1985406,1.8813603,6.196139,0.19854051,0.13763624,3.9783113,0.039418332,9.496238
-0.0513916,0.04152448,0.20377448,1.6085527,5.2401056,0.20377477,0.14596665,3.8842096,0.041524157,10.308186
-0.06341553,0.053395383,0.23107357,1.7217159,5.3139205,0.23107356,0.16315037,3.6472085,0.053394992,10.672559
-0.061462402,0.04465658,0.21132046,2.0051608,6.517593,0.21132062,0.14388627,3.8759174,0.044656407,10.801932
-0.060394287,0.047223724,0.21730974,1.9242233,6.097103,0.21730901,0.14859594,3.7971954,0.04722321,11.065639
-0.06842041,0.05679191,0.2383101,1.8087304,5.605681,0.23831014,0.167085,3.645562,0.056791726,11.325376
-0.06933594,0.04619657,0.21493354,1.8509043,5.828087,0.21493289,0.15106973,3.8280993,0.046196148,11.467239
-0.061828613,0.04295951,0.2072665,1.7008524,5.5151815,0.20726627,0.14855553,3.8959312,0.042959306,11.666049
